WORD,ROOT
فلأديبهما,ادب
مزمزتاهم,مزمز
تهيما,هيم
فلمتطفلي,طفل
وستروبهن,روب
استنشدتماها,نشد
فطربتانا,طرب
فأزاوجكما,زوج
سيغطسوننا,غطس
جهميكن,جهم
ففلكيي,فلك
فتهدلتا,هدل
ويبدؤوه,بدء
ولمستعط,عطى
ولتجرجرنهما,جرجر
برابحكما,ربح
تتريثوا,ريث
فظلمتيه,ظلم
ولهوامشهن,همش
فنحسدك,حسد
وعشبيين,عشب
وثومي,
فلبسيطي,بسط
وشائجهم,وشج
موهناها,موه
فستنازلنا,نزل
أمررته,مر
ولطالقهما,طلق
لتناجداها,نجد
بالمرتعدة,رعد
لمستغلاتهم,غل
ولمهلككما,هلك
وكوبركن,وبر
وكمسجونتيك,سجن
كقرينيكما,قرن
وستدفئانكن,دفئ
سيخدرننا,خدر
فزوجيتا,زوج
وسنستجديكم,جدو
لرطمتمانا,رطل
فعلقماهما,علقم
مستقبحتكم,قبح
سيبلدك,بلد
ولواصفي,وصف
فدبباكن,دب
فكالمستجدتين,جد
فلنستحليك,حلى
بحرانيتين,بحر
لأعاناهن,عون
ولتستوطنهما,وطن
وتهلسينني,هلس
وأبقياهم,بقى
التناظر,نظر
ليقيلاه,قيل
فزجلوه,زجل
وليدحروني,دحر
ولبدايتنا,بدء
فكاشتراطيتنا,شرط
فراضيا,رضى
ويعوضني,عوض
لحضنتها,حضن
فيهولونهم,هول
فبمسجلتكن,سجل
كنيبنا,نيب
لتربعنه,ربع
بسرايه,
استبنني,بين
ولتأزر,ازر
فسيتعاشرون,عشر
وبمشاكلتهم,شكل
وستصبغانهم,صبغ
لتنحرهم,نحر
فكموسوسيهم,وسوس
وتزلانني,زل
وإنشادها,نشد
للمتعلقتين,علق
فلتبعضاني,بعض
لمخزوناتنا,خزن
وأقحمتاهما,قحم
وتدمعك,دمع
وكأجرامهما,جرم
تثبرنهما,ثبر
ستعنتانكما,عنت
ولإعتاقهما,عتق
نرى,رأى
وسيغفلانكم,غفل
فلهمتما,لهم
بمتطلباتها,طلب
فكنساجتيها,نسج
فليوافوهم,وفى
لداولهم,دول
لمتبنها,تبن
ليمقعوا,مقع
لطيراك,طير
مخزيتي,خزى
الأرزة,
فمساعداكم,سعد
ولجداوله,جدول
وملاكتيهن,ملك
فبغضتنهما,بغض
كمؤسسيتكما,اسّ
وتضمانهما,ضم
يانعتانا,ينع
بنيوياه,بنى
فالمضغة,مضغ
مستجداتهم,جد
تهتاجون,هيج
وجثمانيي,جثم
وكمصلحي,صلح
كمنحنيتي,حنى
فلتحدروه,حدر
وجندتموني,جند
وكمقرونتنا,قرن
وبجمالاتي,جمل
بواهبه,وهب
فالتمكين,مكن
وكنبعها,نبع
وبميداليته,
لافتقرن,فقر
يضيئانك,ضوء
كإنسهم,انس
وأطرنا,اطر
وسيمغصنهن,مغص
وجويتي,جو
فكاندفاعتكم,دفع
ككركوك,
تمتان,مت
ستذاكرهم,ذكر
فكسوطهن,سوط
نلتبس,لبس
فليغمدوكما,غمد
لمغارسي,غرس
بقنصلك,
إضبارتاهن,ضبر
فيتقاربن,قرب
فبتفقيركن,فقر
فسيبلله,بل
وبلغتموهم,بلغ
فبالثنائيتين,ثني
وفحمتيكما,فحم
وأنصتكم,نصت
وأكلفكما,كلف
فكجحودنا,جحد
فبدعوتيهن,دعو
فبحسكتكم,حسك
نقلتاكن,نقل
فبابتداءي,بدء
سأعابثكما,عبث
فكمبيالتيهم,
وستحتكرونهم,حكر
جريمتين,جرم
فمدمرتكم,دمر
ترصعانا,رصع
ولتتشكرا,شكر
كمعاييرهن,عير
لأغربنكم,غرب
فهازلتين,هزل
وبثانيته,ثني
وترسمها,رسم
فكالتباغض,بغض
سنشنعك,شنع
فلأروية,
فلتفلقاك,فلق
ليتخذاني,اخذ
لمهربهن,هرب
فستقاسمينه,قسم
فقصقصتهن,قصقص
والقراح,قرح
برمضائك,رمض
وليخالفه,خلف
يستقبلوننا,قبل
وابتكار,بكر
لعطريكما,عطر
ونفاعله,فعل
سيكرهاننا,كره
فشتمتنهم,شتم
ككتابهما,كتب
وسيقولون,قول
فيتعكر,عكر
وسينوطهن,نوط
كالبيضويين,بيض
حقولهم,حقل
قبلتهن,قبل
لحياتيي,حيو
ولنلطم,لطم
ولنبكرهم,بكر
فسيسومونه,سوم
وبخوذتكما,
كإكثاركما,كثر
كحليلي,حل
فبمربياتهن,ربو
فهدرتنهما,هدر
فلمعتدتيهم,عد
ووطنوا,وطن
ليؤخركن,اخر
فبقطرانهما,قطرن
بالزملاء,زمل
وكمغلتكما,غل
فبجريحكم,جرح
فلمليجراميكما,
فلكلمتكم,كلم
القوقازية,
فسيرسخونكما,رسخ
كعكوف,عكف
فلتعديليكن,عدل
لتداعبوهن,دعب
وستعتقلنا,عقل
وبطبيبها,طب
خبازتا,خبز
وسيفتتحنني,فتح
فليخلجن,خلج
فرضيعنا,رضع
فلتطاهرن,طهر
ملأ,ملأ
بشروحك,شرح
وكبرعم,برعم
جرزته,جرز
فبنصبتنا,نصب
والعجز,عجز
فلأبذركما,بذر
فتقدمنه,قدم
ولمعياره,عير
بولائك,ولى
تأوهك,اوه
فلتكفئكم,كفأ
فتلميذة,تلمذ
وساقيانا,سقى
فالخاويتان,خوى
وبمزاعمه,زعم
كإرباكهما,ربك
لسبيان,سبي
وأنقتاهم,نقو
فكإشعاعيتي,شع
ويفئنكن,فيأ
ميكروسكوبيك,
آلفنهم,الف
وبمكوثهم,مكث
للكالحتين,كلح
ناهدتيكما,نهد
سيتكتكنني,تكتك
سيقنطهم,قنط
فكتنصيركن,نصر
تبللوهن,بل
نازحاكم,نزح
فقلقي,قلق
وسيتقادم,قدم
ومباعتيكم,بيع
ولاطاكم,لوط
فستمرحون,مرح
لخلدونا,خلد
ومعتمديهم,عمد
وكسالبي,سلب
ولتجهده,جهد
للاستقراء,قرأ
ليكرمننا,كرم
فتنضوون,ضوى
فسيؤيدونكم,ايد
تنتقدانهن,نقد
وكالجنرالات,
وكقبطيتي,قبط
أشاحتك,شيح
وتلحدانكم,لحد
فيشجناهما,شجن
تسلسلانك,سلسل
استواؤه,سوى
فبهاشميها,هشم
فمحبوسوك,حبس
فبالكهرباء,كهرب
تستجلبن,جلب
تهارش,هرش
فلمعجبكم,عجب
وليفقرهن,فقر
فناجزيك,نجز
وبقبرصيتين,قبرص
فخرافتهن,خرف
ولراجياتكما,رجو
سمسرا,سمسر
فلإخلاصنا,خلص
لمعدمتيكن,عدم
فعوالمها,علم
ومأفون,افن
فلتعايناكم,عين
وعقدوهما,عقد
فيشبونكن,شب
فليتهاطلا,هطل
فتفخمينني,فخم
فتصلعن,صلع
فمراحيضه,رحض
فيقهرنكم,قهر
فكسهمه,سهم
بنقاب,نقب
وبوسطييه,وسط
فباستدلاليهما,دل
ولشبانا,شبو
ولمحالة,حول
وكقويمها,قوم
كوليدتين,ولد
فجزازتاهن,جز
فبهتونكما,هتن
سأردف,ردف
وكعراكه,عرك
وكالقلقتين,قلق
ويبيضانك,بيض
فتمقتن,مقت
وآتيين,اتي
فبحواماتهن,حوم
لمؤانستها,انس
فنهزتاكما,نهز
وفزورتهن,فزر
سترسخها,رسخ
ومطالعيهن,طلع
بفهمي,فهم
كمصاصاتها,مص
ويحاقانه,حق
فلأجعدهم,جعد
فصافحنني,صفح
فبمحنق,حنق
فإبداءهم,بدو
وكإقراضهما,قرض
فبالمغلفات,غلف
مواصفتيك,وصف
فلمؤثلكم,اثل
فمايو,
لموزييكم,
لتنجحن,نجح
فيطمسان,طمس
للمستقطر,قطر
فتخابرا,خبر
وشروطهم,شرط
وتشلينهم,شل
فمجهوليتها,جهل
بتعاطيهن,عطى
فغزيك,غز
وبورشتيهن,ورش
وللموبوءتين,وبئ
ويخالعانكم,خلع
بخميلتهن,خمل
فلأهدركما,هدر
فعازاه,عوز
ولمبالييها,بلو
ولزرافتهم,زرف
وفوتنا,فوت
بهودجين,هدج
ستستغربونهما,غرب
بكروموسومكم,
وفركاكما,فرك
وبوضائعنا,وضع
فلنحرسك,حرس
فتماجنينها,مجن
لملاءتها,ملأ
ولقاي,لقى
راكموكن,ركم
فثفل,ثفل
وبريح,روح
فيرعنونه,رعن
تثمرينها,ثمر
سويداءهم,سود
فبنكراننا,نكر
بمذنبي,ذنب
لتنقطنه,نقط
فيركعوكن,ركع
ثورتموها,ثور
فيخلعوهما,خلع
تستعظم,عظم
ولأوليتهن,اول
وبغرضيكن,غرض
ألغماهما,لغم
لتطفلكن,طفل
وسيحدس,حدس
فأشهدتماهم,شهد
وسيصدقانكن,صدق
سيحررانكم,حر
وقمحياكما,قمح
فبغابتهم,غيب
وبالنشوة,نشى
فلأقماطهم,قمط
وكوهاجتيكم,وهج
وأبنائكن,بن
ولأنجابها,جوب
ستكتله,كتل
تبرقعانكما,برقع
لتتعهدوا,عهد
فقصديتنا,قصد
يستعدنها,عود
وفضيلكن,فضل
مطمئنيكن,طمأن
وشبوك,شب
فبعديدتيهن,عد
ولتتولاكن,ولى
فحزنت,حزن
وكافلوكن,كفل
يخفتن,خفت
تطمركم,طمر
فاعتقلاهما,عقل
وستحصدوننا,حصد
فبقصفكم,قصف
بمطبوعتيكما,طبع
فمقابلتيك,قبل
فمأكولهم,اكل
وتشابكتا,شبك
كآريكم,
غرضيي,غرض
سلبياتك,سلب
محذرتيك,حذر
فلترمقيها,رمق
فليعاودنك,عود
كالعدني,عدن
لتضوركما,ضور
وكخطيئتيكما,خطى
لتحريفهما,حرف
وتهرقنهما,هرق
فديوثهم,
مسخناكن,مسخ
فعاكسننا,عكس
فبالإصغار,صغر
لخدمتاهن,خدم
يحجزاهما,حجز
فمطرانيتهما,مطرن
تتضمننا,ضمن
فيمدنوك,مدن
وكصهاريجه,صهرج
فتتسدد,سد
وأصلحتاكن,صلح
تخفقينها,خفق
فلمعقودتكم,عقد
فليخترعن,خرع
ومقاولنا,قول
بالمندهش,دهش
بالناعم,نعم
يفندانك,فند
فسترقمنهما,رقم
كإتلافهن,تلف
فمحلتيك,حل
فالخسوف,خسف
فلتتسامياهما,سمو
لتتحاسبوا,حسب
يخيفاننا,خوف
ومزركشتا,زركش
لدونها,دون
ولأهنئها,هنأ
فأبعدتموهم,بعد
لأبطلتكما,بطل
ويزجلان,زجل
وبطركي,
وتلجئوني,لجأ
استعمالا,عمل
سيرضعك,رضع
كمطاعنكن,طعن
وتجسمتا,جسم
فكإباء,ابي
فتحطموه,حطم
ودملتم,دمل
فيطربنكن,طرب
فحبركم,حبر
فأقسمتموه,قسم
توجعاهم,وجع
فلتسعرا,سعر
فبغزارة,غزر
فبملاحقة,لحق
فستقودينها,قود
فيصفعهن,صفع
بمملحكما,ملح
بأوراده,ورد
فلمملوكيكم,ملك
لترنمتما,رنم
فليثقلكما,ثقل
ومسدسيكن,سدس
لاستخلصنني,خلص
ولتماريه,مرى
ويقبلاهن,قبل
ستجبيانكن,جبى
فيحصيانكما,حصى
ينمسانا,نمس
فكمسطبتيها,سطب
وستثنيانكن,ثني
تسيرنهم,سير
وكحانوتيتهما,حنت
فبحاتكن,حت
ولتعظكم,وعظ
فصهيريكما,صهر
لفلفتننا,لفلف
فلتغادروها,غدر
ترأسونها,رأس
وتضاربننا,ضرب
وباختيارياتها,خير
ودفنتموه,دفن
وحرارة,حر
فلمندبي,ندب
فلمتوفيين,وفى
وصوروها,صور
فأغدرهن,غدر
فلحبحبكم,
فلتحاشينني,حشو
لتجابهوهما,جبه
سيقتانها,قت
فهرتننا,هور
تكنفيهما,كنف
لينطو,طوى
فقطفناهن,قطف
فتشفياهم,شفو
ولياؤه,
بكلابهن,كلب
وسيقرقرن,قرقر
مختلساتهن,خلس
المخدرتين,خدر
بشيرنا,بشر
بقبرها,قبر
سيضرموننا,ضرم
يسجونهن,سجو
خماراكما,خمر
وشحطنهما,شحط
فلتخافتنها,خفت
بأغباب,غب
غضاريفها,غضرف
فنازلاكم,نزل
فمغتالتاكما,غول
فينخبك,نخب
فبمحاصرتي,حصر
لسربناهم,سرب
فلعاقلي,عقل
بالغاسلين,غسل
فحلن,حول
كالأسطورة,
بتهويلهم,هول
انحجبتم,حجب
ولمنكم,لوم
لمصيفيك,صيف
وتجاسرها,جسر
ويساورونكم,سور
ولسلخ,سلخ
والمهيبان,هيب
لفصلت,فصل
فبقرابتكن,قرب
ستفقسونهن,فقس
لمازحنهم,مزح
فكبراعتكم,برع
فيبثقنكما,بثق
وللطريق,طرق
فليكابلوكم,كبل
كإفساحي,فسح
فستعاجل,عجل
لنابذتمانا,نبذ
وبرباطيكم,ربط
بروائيتهم,روى
ومطاوعتيه,طوع
وتتصارحوا,صرح
كشمسك,شمس
فللبديهيين,بده
وتقابلانا,قبل
وليرجئهم,رجأ
وأبرموكما,برم
وبشأفتنا,
وكبقجتينا,
وتناوشوهم,نوش
فسيستودعانهما,ودع
فكمجسدتكما,جسد
وسألفهن,لف
الملغاة,لغو
ولتقرضوني,قرض
عكازة,عكز
وليميزاهم,ميز
اجتسر,جسر
لهذائكم,هذى
وأسبخ,سبخ
ومرائكن,مرى
تزوجهن,زوج
ستصلانك,وصل
محجبتيكن,حجب
بكوزه,كوز
لتعمدنهن,عمد
وسنبجلكن,بجل
وأزمتاهما,ازم
فلخيطييكما,خيط
وبمتعافية,عفو
ويعجزنكم,عجز
وبشموليتها,شمل
لانتقدتماه,نقد
فليهزلنا,هزل
وأرممه,رم
فلترعنكما,رعن
تملكينا,ملك
فلاقتصاديين,قصد
كيافعينا,يفع
فتنترونا,نتر
فليبتدئوها,بدء
فلترقدا,رقد
تراجيديهم,
وبالهنديات,
ولاستلابكم,سلب
وكتحريكيك,حرك
ومتنكرو,نكر
لتمنوكن,منو
كمذهلتها,ذهل
كأقسامه,قسم
اقترضتاهما,قرض
فتهادياهن,هدى
لأتمتهم,تم
لتحاماه,حمى
نطلسكم,طلس
فتترنحون,رنح
وكمرحاضهم,رحض
ومتضمنتاها,ضمن
لتدركاها,درك
وكمقصلتكم,قصل
فبخميصهما,خمص
فينغرسا,غرس
لنتائج,نتج
فبمملتكم,مل
وأركعاهن,ركع
وكدخلته,دخل
امتعضن,معض
فلمفترييه,فرى
فليسترجعننا,رجع
فتحنطوها,حنط
فتنقبني,نقب
وتعملاه,عمل
كقمحيتين,قمح
لوهموكما,وهم
فلسبورتها,سبر
وكحرفه,حرف
فحديتهما,حدى
فيلاقوها,لقى
وخاطفوهما,خطف
فشاكلتموه,شكل
فسيصمتهم,صمت
ومنبطحاك,بطح
فكمهترئتيكن,هرأ
فلآسيتين,اسو
ونجوة,نجو
فتجامعا,جمع
ظرفيتنا,ظرف
يقرفاننا,قرف
كبنكنوتيها,
لمجهول,جهل
وكسراجيكما,سرج
فسيتفحصانهن,فحص
تخفرهم,خفر
واكتبنهن,كتب
بناؤوها,بنى
فبجماهيريتكم,جمهر
فلملهيكم,لهو
بتعايشهم,عيش
لعيلنهما,عيل
كنفعيته,نفع
للتبيعة,تبع
بمضلتكم,ضل
فبمضاجعتيك,ضجع
واجنح,جنح
سنعاودهم,عود
البقالات,بقل
والمناطان,نوط
فسينجعان,نجع
فكقطكم,قط
خبيبك,خب
يستحقوا,حق
وكغيمها,غيم
فلألوثك,لوث
فسنذوبه,ذوب
فتتصلبا,صلب
لماسحاتي,مسح
وبالفرامة,فرم
فستوهنهما,وهن
فمغتبطاه,غبط
لترهقاهم,رهق
فلأضايقكن,ضيق
فسيبتذلانك,بذل
فيرهبانهن,رهب
لتلهموها,لهم
فتستوطنانكما,وطن
فسيسوقانه,سوق
وكتهريجهن,هرج
وكالمتداني,دنو
ولحجرتيكما,حجر
ستساكنينهما,سكن
فشنشنتهما,شنشن
بحنقهم,حنق
فلهكتاريهم,
لمنقبضتهن,قبض
كفاحصيهن,فحص
وبصقعهما,صقع
فطلاعكم,طلع
فبقنصلياتنا,
كصدوقي,صدق
لنهجرهما,هجر
سيحمدانه,حمد
ولهيكليتها,
ولأبهظها,بهظ
فلتلوينكن,لون
فليعظمنهن,عظم
فحرنها,حور
فللعنتكم,لعن
منفيوكما,نفو
ستشاتمونها,شتم
لتفاوضوني,فوض
فأطرينا,طرى
وناولاهن,نول
لكونتاها,كون
سأجرس,جرس
بمشرقييهم,شرق
فبإضرارهم,ضر
فلتعتورن,عور
وكيأس,يئس
لتشلقنهم,شلق
فتثلجينهما,ثلج
فسيصابرونها,صبر
فتستثيريهم,ثور
فسينضجونها,نضج
ففضلتك,فضل
ويخضعان,خدع
فتتوزعان,وزع
فيدندنانه,
فلتلفيقتنا,لفق
يلفتكن,لفت
فكأكوار,كور
فليترطبوا,رطب
وبالموطئ,وطئ
ولتباشر,بشر
فليباروهن,بري
سيستغرقانه,غرق
وباعتيادها,عود
ويرمدونها,رمد
وستخففنهن,خف
وكاستغاثتنا,غوث
وسيعطفانهما,عطف
ناحاك,نوح
فكقرعتهن,قرع
ولذهنكم,ذهن
ولفراريجي,فرج
فببواقكما,بوق
لتمتمتنا,تمتم
لمتدهورة,دهور
تتلقونا,لقى
وتدنس,دنس
فبرغمي,رغم
والميثولوجيا,
فاستبحن,بوح
وكمجازرهن,جزر
وبقلفتكن,قلف
لمقاسها,قيس
ليستجمعاها,جمع
فكبهوي,بهو
ليعكراه,عكر
وأجهدناك,جهد
لعقلنتكن,عقلن
فلتعويقكن,عوق
ليحلموهم,حلم
بجنونيكم,جن
وسيلازمني,لزم
فبإفادتيكما,فيد
فسيخففنها,خف
وكسارقاتي,سرق
ويقرمشكما,قرمش
عرصتيها,عرص
ستنهبانك,نهب
فتشبهانه,شبه
ويشيده,شيد
فكرافعتيهن,رفع
ولنترأسها,رأس
فيجبروها,جبر
وتتاخمها,تخم
وريق,ريق
فلغنكما,غن
فتوسوسين,وسوس
وكالعادلتين,عدل
وايقظ,يقظ
وسأتهانف,هنف
ستترجونهم,رجو
فيتيسران,يسر
وساومت,سوم
لنشفيهم,شفو
كمصنفتيهما,صنف
تلظها,لظى
فبمتماثلتيكما,مثل
لنصحنها,نصح
فتجشون,جش
وليفنياني,فنى
فلمنفصلين,فصل
ولعومك,عوم
ومغريتاهم,غرو
تعقميهما,عقم
فيضمركن,ضمر
والتوسيع,وسع
بصبيتها,صبو
وسيرقشكما,رقش
ولتبتعن,بيع
وسيدثرانها,دثر
وقوشنا,قوش
ومطربتك,طرب
توصينها,وصى
بملقتنا,ملق
فاستجوبناهما,جوب
وعانقننا,عنق
فمغامرتيك,غمر
تسجننا,سجن
ليشملوه,شمل
كعروشهم,عرش
فسيتلهان,تله
فجبايتهن,جبى
ومغرقيكما,غرق
ولمطلة,طل
فالتحميل,حمل
وعلمهما,علم
فسهواني,سهو
ولمتقيحتهم,قيح
وكبطشهما,بطش
لأحالف,حلف
تميلانه,ميل
ويتفضوا,فضو
اقترحناك,قرح
فكمدرهي,دره
ولتائقهن,توق
ففوضتاكما,فوض
فأصحيتماهن,صحو
وبتجنيسهم,جنس
واختلاطكما,خلط
شجبتماها,شجب
فتلمذنكما,تلمذ
وقيستهم,قيس
لردتنني,رود
عقديتيكن,عقد
وبالنقليتين,نقل
ومعوياهما,معى
فهيرتاكن,هير
فيغزونهن,غزو
فسيخوفانني,خوف
ويمنعها,منع
فسيغدونهم,غدو
فكتسبيبهن,سب
حضرناكم,حضر
وليناصرنكم,نصر
أعلتموها,عول
ليلغطن,لغط
وكالرحيب,رحب
ينمنمونكما,نمنم
لقمحيه,قمح
فسيصطنع,صنع
تهوشت,هوش
شقشقناهما,شقشق
الجرد,جرد
وبمطالبيها,طلب
فكبناهم,بنى
سأنمنمها,نمنم
مضجرة,ضجر
ولجداريكن,جدر
لمطالعاتكم,طلع
ستعاقبينهما,عقب
فلتستخلصي,خلص
عافيتكما,عفو
وبنظيرهم,نظر
فيحضراكما,حضر
فنبتليهما,بلو
ولأليهما,ولى
فكمماطلتي,مطل
بغاضتين,غض
وكموجديهن,وجد
ليهاترنكم,هتر
أوياك,اوي
ولشارعيك,شرع
وأتحنني,تيح
أتدحرجهم,دحرج
لقرم,قرم
ولوثيرتكما,وثر
ليحتجرا,حجر
ويهوى,هوى
وتدوريهم,دور
وللأمناء,امن
فلمخللتيه,خل
قفلا,قفل
سيلاقيانك,لقى
فقرطبيكما,
تتجسمي,جسم
لنائماتهما,نوم
فباهرتانا,بهر
وسأطيش,طيش
وبممددتهن,مد
ولقذيفتي,قذف
رائعتاكما,روع
ولمكهربها,كهرب
لأبهمتموني,بهم
فلطابخين,طبخ
تبتدئونها,بدء
بأبرشيتك,
فسلكوهن,سلك
فللمؤذن,اذن
فصدقوها,صدق
سيقصفونه,قصف
فستبجسينه,بجس
ليغرقنهم,غرق
فبوطئها,وطئ
كغلكما,غل
تباركوا,برك
وتنبئنه,نبأ
لقصدناكما,قصد
ووشماكم,وشم
سائقاهن,سوق
كتساؤلاته,سأل
فيزهداك,زهد
فكسابقتيك,سبق
واجتذبوك,جذد
ماسيتيك,
فجنبن,جنب
وأثلبه,ثلب
ولتنتهزيهن,نهز
ليوكدا,وكد
فالمورث,ورث
فللدوالف,دلف
المشتلين,شتل
فستستخيرانه,خير
لتصاميم,صم
وكنعال,نعل
وعوانيهما,عون
ولأرشوك,رشو
وبخادمتكم,خدم
وسنخلطهما,خلط
ومحبسكم,حبس
فللموهوبين,وهب
وكالروايتين,روى
فجأتك,فجأ
سيجهلنك,جهل
مديرين,دور
وبالملوكيين,ملك
لغيرتماهما,غير
فبقزميهم,قزم
فلتزوقيهم,زوق
لطبطبتكم,طبطب
الأحسنين,حسن
ومغلظتيهم,غلظ
كناهدكما,نهد
وستصالحانكم,صلح
لخلقاه,خلق
ليتظلل,ظل
تعكرانكم,عكر
وتسلفتوا,سلفت
برقاصها,رقص
فبأعمارهما,عمر
فتلفلفيها,لفلف
كمشجبيكم,شجب
للمنصفتين,نصف
فبطريدها,طرد
فيلاطفانني,لطف
بظنيي,ظن
فلمبدعي,بدع
فلأهمد,همد
فلمصيدنا,صيد
ولنفسانياته,نفس
فيحيكانني,حيك
وبالنباحين,نبح
كجيفي,جيف
فكالرفات,رفت
وكعذريكما,عذر
سأشجيك,شجو
وكحلاقتيكم,حلق
وإنماءي,نمى
وينسوها,نسى
فيلتماها,لم
وثوراه,ثور
سيمازح,مزح
سيبغضونها,بغض
كاشتباكينا,شبك
لأصفوكن,صفو
وبمجربه,جرب
ولهجريينا,هجر
لزورقنا,زورق
جيبوتيتيكن,
كديباجه,دبج
فبوالدتها,ولد
وبأرواقها,روق
وقاسيتماه,قسو
فسيسبقنه,سبق
فستلسعننا,لسع
فادمجنني,دمج
فليلبكنكم,لبك
وتكسما,كسم
ويعراها,عر
لخصائنا,خصى
ويبكيا,بكى
وتدهنتما,دهن
فمواضيعكن,وضع
فكذبابتك,ذب
برابحتيكما,ربح
فستميلانها,ميل
فكتحويلي,حول
كعجلكما,عجل
وسيماكسانكم,مكس
للوسم,وسم
لجرجرتا,جرجر
اشتباككم,شبك
قربتاكم,قرب
وسيقضمنهن,قضم
وقياكما,وقى
وائتمنتاهم,امن
فجيوفيزيائيتان,
وبستانيو,
فستجتثونهم,جث
وبمنذورهما,نذر
وصممها,صم
فالمسندان,سند
لفتشتموها,فتش
سأطاردهما,طرد
يصيحاه,صيح
فلمعقولتي,عقل
واسهله,سهل
فبحانقكم,حنق
تزجليهن,زجل
سيملقون,ملق
فللدهقان,دهق
وكتأنيسنا,انس
لهمناهما,لهم
فسيقبحانكن,قبح
فلتيجانكم,توج
تسترجعه,رجع
ولطياره,طير
ولشبهن,شب
لقاتلتمانا,قتل
وجرشناهن,جرش
كمولويتهما,ولى
ولمترسيكن,ترس
فأناشيدكن,نشد
محرضاتهم,حرض
فكوتيرتهم,وتر
وكياقوتينا,يقت
كتلغرافك,
لمشعيكم,شع
بكنسيكم,كنس
سيجدعها,جدع
وستفترضين,فرض
شفطتمانا,شفط
كتقديمنا,قدم
فبالرحالتين,رحل
وكبشكيريكما,بشك
فموظفتيك,وظف
ستطولانكم,طول
ونافسوكم,نفس
وبالصعلوك,صعلك
يشحنونكما,شحن
يجنساكن,جنس
لصبرها,صبر
لمزودتين,زود
يقبساكن,قبس
وأجار,جور
فلتنتابوه,نوب
وكمورطين,ورط
والتهابيكن,لهب
وكحاكيكما,حكى
نطقييك,نطق
كالقرينين,قرن
لناسخكما,نسخ
ويسدلانه,سدل
لاستعاريي,عور
بائرتا,بور
سيحتكران,حكر
بلورتموني,بلور
قفازاتكم,قفز
اذرعهن,ذرع
ولطوافكن,طوف
لموضحاتك,وضح
بشروخهما,شرخ
وعائدين,عود
فستقسمونها,قسم
برقتني,برق
فتنسجاهما,نسج
فالحاقدة,حقد
لسادرهم,سدر
لمحتقريكن,حقر
حاجزانا,حجز
وسيتجهزن,جهز
وككظيمتيهن,كظم
وسأثمر,ثمر
فقزحيتهن,قزح
يكافئها,كفأ
كمخطريهم,خطر
فلصفيقة,صفق
الخضيرة,خضر
وكملكتهما,ملك
تروثا,روث
لمسيتاك,لمس
وسيجرئونكم,جرؤ
فتنفسنه,نفس
جزئياته,جزأ
فبتلميذتين,تلمذ
وسيصطنعونني,صنع
فينسبانا,نسب
فتفعلانهم,فعل
سيلمعك,لمع
لسلابنا,سلب
وكخادمتيهم,خدم
وغصبتننا,غصب
يطرداننا,طرد
لمتأسفيها,اسف
للأهم,هم
وسيعيبونهن,عيب
ولبيروتييه,
يفتشهما,فتش
وليقرقعوا,قرقع
وستلمعكم,لمع
فإفراغ,فرغ
أتحفتكم,تحف
ففلذتيه,فلذ
فبترهبها,رهب
لشاركتني,شرك
فسيصيحان,صيح
فلتتركاهما,ترك
نبهلها,بهل
كمصيفه,صيف
وسيكرمهم,كرم
وقريباتك,قرب
ونتشنها,نتش
للتقلص,قلص
لأؤيده,ايد
وتتطوقين,طوق
ومخصصات,خص
بمتعاطيتيكما,عطى
لقصيتيكما,قصو
فلاعتباطيتك,عبط
فهيمى,هيم
فللاستراتيجي,
فبقاعتهم,قوع
ومليخ,ملخ
وللوحتيها,لوح
كصراخ,صرخ
لدينة,دين
فتعجبن,عجب
فتسسنني,سوس
ففيزيائيتاي,
فمختطفاتهما,خطف
ولتلبداهن,لبد
لتجيلك,جول
تشنعنهم,شنع
وتراكميننا,ركم
يهجنوكن,هجن
وتستنبتوا,نبت
يستخدم,خدم
فتشاربننا,شرب
ومالطياي,
المزاول,زول
ولمخروطتي,خرط
ونعستهما,نعس
فناقشوهما,نقش
سفسطتك,
فيستفزوكما,فز
فللمضيفات,ضيف
ولاشتراكيتنا,شرك
فلتوكلاكما,وكل
لميتمهم,يتم
ستخبرن,خبر
فانتفاضتاكن,نفض
كجيارها,جير
وكطموحك,طمح
ليستأجرنهن,اجر
سيمطانهن,مط
وسيجاعلنا,جعل
بحقودهما,حقد
واستهلكتنني,هلك
ستصابرون,صبر
وبمجازيتيهما,جوز
وكتمثيليتيكن,مثل
فساك,سوك
فسيهجى,هجو
بعصريتكن,عصر
مكس,مكس
فكبوصته,
فمقبولة,قبل
وستحسرونها,حسر
غازلنكما,غزل
فهمشوك,همش
تصابرنه,صبر
فقزازاك,قز
وستبددينني,بد
فاتخاذهم,اخذ
فأقرنوهما,قرن
وخلبتما,خلب
وكمتراخية,رخى
قبطتما,قبط
وبعقلها,عقل
لرطموهم,رطل
تدارساكم,درس
وكابتهالكن,بهل
لمساقاتها,سقى
واستوعبناكن,وعب
ودردشتمانا,دردش
لمؤنثه,انث
فكمترجمتهم,ترجم
وحائضيكم,حيض
للطينية,طين
فلنسائية,نسو
كمشتكيينا,شكو
طرادتين,طرد
كتشاؤمه,شام
فمربدهما,ربد
تعدمكم,عدم
فأسقطتاها,سقط
فنكشتماها,نكش
وكنحاتتيكم,نحت
وخدمنها,خدم
كإسقاطاتي,سقط
فجوزنا,جوز
فكفرتنا,كفر
فكمقاتلاتهما,قتل
وسأوتر,وتر
وبتذوق,ذوق
وليدمرنه,دمر
فابدع,بدع
فلحليلهن,حل
تمركزكن,مركز
فبإجازات,جوز
ولأكاتب,كتب
فلتسمريه,سمر
مرجانيتاي,
فيستحضروكن,حضر
وكحاليتي,حول
فكونغرس,
فسأختصركن,خصر
أشرفنهما,شرف
بمخبزينا,خبز
لبلائكم,بلو
وهدرجاهن,هدرج
ويلامسوكما,لمس
فلتلطعنه,لطع
مبيضوك,بيض
سأشارككم,شرك
يجاوبكن,جوب
فبحموهما,حمو
فلأبيحكما,بوح
ويخرتاهم,خرت
فلذمة,ذم
ولتفاهمكما,فهم
بمخالفه,خلف
لمعمري,عمر
اعزلاهن,عزل
وعباداتك,عبد
وببراحكن,برح
يغللها,غل
ومتكرران,كر
لموصليك,وصل
يبعضكم,بعض
ستنسمه,نسم
أبهتتكن,بهت
رقراقيهن,رقرق
وستنشلها,نشل
ليبذراها,بذر
مفازتهما,فوز
فيمكسانك,مكس
والفسيفساء,فسفس
فكالوجم,وجم
فأوجعنهن,وجع
عسرتاك,عسر
ولألوث,لوث
فأبطنكما,بطن
وكتطويلهم,طول
تكتيكيتين,تكتك
سيهوونهما,هوى
ورافعك,رفع
فلمحرفينا,حرف
متدربوهن,درب
فبمفسرتيها,فسر
تزوده,زود
وتشوفننا,شوف
وانثنائك,ثني
ونسابقهن,سبق
فيوحلانهن,وحل
فشحطتماهم,شحط
كخلفيتكم,خلف
ومدخولون,دخل
لندعر,دعر
فتسجراهما,سجر
وميونهم,مين
ولماكوكين,مك
وتحفت,حفي
ولمتعسفها,عسف
ولمربديكن,ربد
فيدعساك,دعس
وبالبنزول,
وجيرهن,جير
سيرشدنكما,رشد
المساعدة,سعد
والتقليب,قلب
وصلبتموهما,صلب
وذائبينا,ذوب
فلجزعاتنا,جزع
ويشوحانني,شوح
فلنمحصكما,محص
لقمعناهما,قمع
أفتنتاهما,فتن
فدعمتنها,دعم
وسأكاريها,كرى
فاستوفاكما,وفى
ونهشوهن,نهش
لأنطر,نطر
بترحيلهما,رحل
فبرأسيهم,رأس
فلاستعجاليي,عجل
كإفكيكما,افك
هيجتماني,هيج
يحلنهن,حول
ولنساندها,سند
فتمازجك,مزج
ليستبطئاه,بطء
وطبخاها,طبخ
لحللتاكم,حل
وسينطننا,نوط
جهدهم,جهد
فوسادة,وسد
ولتفنديهما,فند
فلتأهليه,اهل
فكعرائنكن,عرن
سيرعبنا,رعب
أدعمهما,دعم
لوقاعتكما,وقع
كغنمه,غنم
فبعن,بيع
وكاشتراءيكما,شرى
ولتلبطيهن,لبط
ولجدارهم,جدر
فسيتابعنكن,تبع
فستجليانكم,جلو
فنحبن,نحب
فمتلوناهما,لون
سترعياننا,رعى
فموكلتكم,وكل
لموجهيها,وجه
فلتقارفيها,قرف
فللمدرارين,در
فلمطرانيتها,مطرن
وتعقاهم,عق
سيأثرونها,اثر
بافتخاركم,فخر
يسبلوهم,سبل
ولتنمليه,نمل
تداركتن,درك
ولتمزعوه,مزع
ففضفضتاها,فضفض
فببلاغتها,بلغ
كمرتكبتيه,ركب
وبحريريتينا,حر
فيستغلانها,غل
وكالقعاقع,قعقع
لمخالصاتهما,خلص
ويملينا,ملو
وسيفشلانهما,فشل
فبقطعييهن,قطع
وتلتماكم,لم
فجذلنا,جذل
فوفقوهن,وفق
كعلنهما,علن
كآثاري,اثر
وعنبرياكما,عنبر
فستوشح,وشح
بخاناتكم,
فعيشتي,عيش
وأوفاكما,وفى
وبمؤتمرين,امر
وأفشينكن,فشو
لقايسونا,قيس
وتحيكونا,حيك
وتتقصى,قصو
وليصيفاهما,صيف
لبغتنها,بغت
المفقودة,فقد
وكحالتيه,حول
تبكمون,بكم
واحتجتنها,حوج
خياطك,خيط
والتضخم,ضخم
والتظاهرتين,ظهر
ببدائهكن,بده
بمجدالهن,جدل
وننصرف,صرف
مرضتم,مرض
لعجلتنهما,عجل
لتدغدغيهم,دغدغ
فلحازبك,حزب
وجبينيك,جبن
وليدعنهم,ودع
فستفلقنه,فلق
وكمحللتها,حل
فبمستكشفته,كشف
ولتتعدياكما,عدو
وغظتموهم,غيظ
وبسراقهم,سرق
وبمشوقتنا,شوق
مداهمتي,دهم
ويجردهم,جرد
فباشتقاقهن,شق
ولمستوحده,وحد
فأطالتهن,طول
وتناقرونها,نقر
فليمنحوكما,منح
للفلاسفة,فلسف
لأوطاني,وطن
والكفاف,كف
كتوطين,وطن
بداجيهن,دجو
وتسوسيهما,سوس
ولغزاوياتكم,
بمشكلتيه,شكل
ولتكتكتي,تكتك
ببخاخاتهما,بخ
ولشطحتي,شطح
وككراستهن,كرس
وتدعسانني,دعس
فلوميضنا,ومض
مستنكرينا,نكر
بفطريك,فطر
فتورثاكم,ورث
فكإرمنا,ارم
تنزقنه,نزق
بمحاباتكن,حبو
فترجرج,رجرج
فمساسكم,مس
خرطاها,خرط
وستنقرنه,نقر
كتهميش,همش
فكالتحولات,حول
تدارككن,درك
فتجمعاته,جمع
وصرافتك,صرف
وسيتقوضان,قوض
سأسربل,سربل
وليبللوه,بل
وبمسودتكما,سود
فكيتيمات,يتم
ككاتدرائيتيهن,
ويبدؤوها,بدء
فليقظيهن,يقظ
فلقشره,قشر
فللحاجين,حج
وسنستهويهما,هوى
نهيننا,نهو
بالعشبة,عشب
تنشفاكما,نشف
فلمضاربهما,ضرب
وببرانيتكم,برر
وشعلت,شعل
ويرفسانك,رفس
وتستعمرانهما,عمر
فمسنناتنا,سن
وكمضطهدتك,ضهد
ولأشتته,شت
لتيقظوهما,يقظ
فمبتدئهما,بدء
فسأحمسك,حمس
وسأرمح,رمح
شحمنهم,شحم
فسيخزقان,خزق
للنقطة,نقط
النشاط,نشط
وستسكتها,سكت
فشرطتنها,شرط
وخيارييهما,خير
فابتزتاهن,بز
وكرينو,
ولنتسخط,سخط
فلمرتعد,رعد
بسلوبودان,
بنظاراتكم,نظر
وبغافلاتكما,غفل
وكفنزويليين,
وتدفعانني,دفع
فبوتقتكن,
يقرض,قرض
فكمدونكما,دون
وأعيتنا,عي
وتفقسونا,فقس
سلعك,سلع
قاتلناكما,قتل
تبطحانه,بطح
هضمتموني,هضم
فبمتدينين,دين
تتكاسلين,كسل
فلتلئمنهن,لأم
وفحمتيك,فحم
فتؤرقانهم,ارق
فمتآلفكن,الف
ونصرتما,نصر
فكالغشائية,غشو
استمهلتهم,مهل
فكتمناكن,كتم
فلمشيري,شور
وليستمهلن,مهل
ستعتنق,عنق
وتغرمننا,غرم
فلمختفيتين,خفى
فأحابيلهما,حبل
اتقاؤكم,وقى
وليطرحنهن,طرح
بسديمهن,سدم
فحفاريهم,حفر
وبدهاقيننا,دهق
فوارثاك,ورث
ومستهلكم,هل
وهمجتم,همج
وكحنائها,حنا
ولتذاكركم,ذكر
كقدوسك,قدس
فغلغلوها,غلغل
مخبزاهما,خبز
سفيرته,سفر
فالمتحدين,وحد
والمخرز,خرز
ولأحصدهن,حصد
وحبيبيتاهن,حب
وتجملاهم,جمل
ليبغتنكم,بغت
ويشعل,شعل
لتعزراك,عزر
وبالرحيب,رحب
وأنكتب,كتب
وبزاجركن,زجر
ليقحفن,قحف
ويقلبانهم,قلب
فدمدما,دمدم
للتسليح,سلح
ليصيفاها,صيف
فكالمباحثات,بحث
فكسماحك,سمح
فوفركم,وفر
وملثمو,لثم
ولنؤولهن,اول
وتواقان,توق
والمحبسين,حبس
وكالمهلوسين,
وليستغفلكما,غفل
تمكساهما,مكس
فتورفيهن,ورف
فستسعدونها,سعد
والثمن,ثمن
ولتفتقدنهما,فقد
ومقعركم,قعر
المستوردة,ورد
بنعمتنا,نعم
واعتذرتما,عذر
بوريهم,
فزياحاتهما,زيح
فسيتاربن,ترب
فيزرقونها,زرق
بعجتنني,بعج
وكخصلتكن,خصل
ستبنيانها,بنى
وبمشربيه,شرب
كدفرتيهما,دفر
فيبهتانكن,بهت
ولنشهرهن,شهر
فليمانهن,لوم
بمخبريكن,خبر
تخربشنها,خربش
فداركتها,درك
يفلسفنني,فلسف
بشوحكن,شوح
لؤلؤتنا,لألأ
وكتسميدكما,سمد
تستنسخانكم,نسخ
فتدومانكما,دوم
ليغتالاهن,غول
ستلقنهن,لقن
فيساجلاكم,سجل
أشطبهم,شطب
محالفتكم,حلف
ورضائها,رضى
ونفيتا,نفو
فسأشاكسكن,شكس
فهبهبنا,هبهب
وتمددانه,مد
أشاباهم,شيب
فكالمهفهفة,هفهف
ويشعلانكما,شعل
فتمزمزونها,مزمز
ولمهروسيكما,هرس
فيشتريانك,شرى
بتفريجي,فرج
فلخرازتيكما,خرز
ستستحوذن,حوذ
فلصحنكما,صحن
وكتعب,تعب
لآثمي,اثم
فتتعانقين,عنق
وسيعانده,عند
فتتساقطين,سقط
ومهاجماتهم,هجم
سيجوفني,جوف
ودرستمونا,درس
فتفشى,فشو
فستدعسن,دعس
لورمتن,ورم
والثقبين,ثقب
لأتلفتاهم,تلف
كحفيدتكن,حفد
معتبراك,عبر
ولترزمي,رزم
فبقصفهم,قصف
ولثغراتكن,ثغر
يدبجنه,دبج
لأوهيهم,وهى
وليارده,
لندفرها,دفر
ويرشفوكما,رشف
فليقيله,قيل
هيبناكم,هيب
فلتسحنوا,سحن
لاحتملتهن,حمل
للرائبين,روب
ولمحلولينا,حل
وصبغاه,صبغ
لتوازيكن,وزى
كراسة,كرس
لالتقاكن,لقى
وكالمؤدبتين,ادب
فتثقبينهما,ثقب
وفتحتيهن,فتح
سأرأسهما,رأس
للبابا,
فتنمقكم,نمق
وسنضيئها,ضوء
ستروعينهن,روع
لتدغدغهن,دغدغ
لتستهجنهما,هجن
فليخدمانا,خدم
بنخير,نخر
وتحتوونه,حوى
لتستلني,سل
ولعجبه,عجب
فكالمخوف,خوف
وسيوثب,وثب
ببخاشيشهما,
ولحطاباته,حطب
لتقتنيني,قنو
فلنبحثهم,بحث
ليجهضنكم,جهض
وبرشراشكما,رشرش
فلتجاسرهما,جسر
ومراقبنا,رقب
وبمجنحينا,جنح
ويلبسونها,لبس
