make,model
ACURA,ILX
ACURA,MDX
ACURA,RDX
ACURA,RLX
ACURA,TL
ACURA,TSX
ALFA ROMEO,4C
ALFA ROMEO,GIULIETTA
APRILIA,CAPONORD 1200
APRILIA,RSV4 FACTORY APRC ABS
APRILIA,RSV4 R APRC ABS
APRILIA,SHIVER 750
ARCTIC CAT,1000 XT
ARCTIC CAT,500 XT
ARCTIC CAT,550 XT
ARCTIC CAT,700 LTD
ARCTIC CAT,700 SUPER DUTY DIESEL
ARCTIC CAT,700 XT
ARCTIC CAT,90 2X4 4-STROKE
ARCTIC CAT,BEARCAT 570
ARCTIC CAT,BEARCAT 570 XT
ARCTIC CAT,BEARCAT Z1 XT
ARCTIC CAT,BEARCAT Z1 XT GS
ARCTIC CAT,BEARCAT Z1 XT LIMITED
ARCTIC CAT,DVX 300
ARCTIC CAT,DVX 90
ARCTIC CAT,F5
ARCTIC CAT,F570
ARCTIC CAT,M 6000 SNO PRO 153
ARCTIC CAT,M 8000 153
ARCTIC CAT,M 8000 HCR 153
ARCTIC CAT,M 8000 LIMITED 153
ARCTIC CAT,M 8000 LIMITED 162
ARCTIC CAT,M 8000 LIMITED ES 153
ARCTIC CAT,M 8000 LIMITED ES 162
ARCTIC CAT,M 8000 SNO PRO 153
ARCTIC CAT,M 8000 SNO PRO 162
ARCTIC CAT,M 9000 153
ARCTIC CAT,M 9000 HCR 162
ARCTIC CAT,M 9000 LIMITED 162
ARCTIC CAT,M 9000 SNO PRO 162
ARCTIC CAT,MUDPRO 1000I LTD
ARCTIC CAT,MUDPRO 700I LTD
ARCTIC CAT,PROWLER HDX 500
ARCTIC CAT,PROWLER HDX 500 LIMITED
ARCTIC CAT,PROWLER HDX 500 XT
ARCTIC CAT,PROWLER HDX 700 LIMITED
ARCTIC CAT,PROWLER XT 550
ARCTIC CAT,PROWLER XTX 700
ARCTIC CAT,PROWLER XTZ 1000
ARCTIC CAT,SNO PRO 500
ARCTIC CAT,T570
ARCTIC CAT,TBX 700
ARCTIC CAT,TRV 1000 LTD
ARCTIC CAT,TRV 400
ARCTIC CAT,TRV 550 LTD
ARCTIC CAT,TRV 550 XT
ARCTIC CAT,TRV 700 LTD
ARCTIC CAT,TRV 700 XT
ARCTIC CAT,TZ1
ARCTIC CAT,TZ1 LXR
ARCTIC CAT,TZ1 TURBO LXR
ARCTIC CAT,WILDCAT 1000
ARCTIC CAT,WILDCAT 1000 LTD
ARCTIC CAT,WILDCAT 4 1000
ARCTIC CAT,WILDCAT 4 LIMITED
ARCTIC CAT,WILDCAT 4X
ARCTIC CAT,WILDCAT 4X LIMITED
ARCTIC CAT,WILDCAT TRAIL
ARCTIC CAT,WILDCAT TRAIL XT
ARCTIC CAT,WILDCAT X 1000
ARCTIC CAT,WILDCAT X LIMITED
ARCTIC CAT,XC 450I
ARCTIC CAT,XF 7000 CROSS COUNTRY SNO PRO
ARCTIC CAT,XF 7000 CROSSTOUR
ARCTIC CAT,XF 7000 LIMITED
ARCTIC CAT,XF 7000 LXR
ARCTIC CAT,XF 7000 SNO PRO
ARCTIC CAT,XF 8000 CROSS COUNTRY SNO PRO
ARCTIC CAT,XF 8000 CROSSTOUR
ARCTIC CAT,XF 8000 HIGH COUNTRY LIMITED
ARCTIC CAT,XF 8000 HIGH COUNTRY SNO PRO
ARCTIC CAT,XF 8000 LIMITED
ARCTIC CAT,XF 8000 LXR
ARCTIC CAT,XF 8000 SNO PRO
ARCTIC CAT,XF 9000 CROSS COUNTRY SNO PRO
ARCTIC CAT,XF 9000 CROSSTOUR
ARCTIC CAT,XF 9000 HIGH COUNTRY LIMITED
ARCTIC CAT,XF 9000 HIGH COUNTRY SNO PRO
ARCTIC CAT,XF 9000 LIMITED
ARCTIC CAT,XF 9000 LXR
ARCTIC CAT,XF 9000 SNO PRO
ARCTIC CAT,ZR 120
ARCTIC CAT,ZR 5000 LXR
ARCTIC CAT,ZR 6000 EL TIGRE
ARCTIC CAT,ZR 6000 EL TIGRE ES
ARCTIC CAT,ZR 6000 RR
ARCTIC CAT,ZR 7000 LIMITED
ARCTIC CAT,ZR 7000 LXR
ARCTIC CAT,ZR 7000 SNO PRO
ARCTIC CAT,ZR 8000 LIMITED
ARCTIC CAT,ZR 8000 LXR
ARCTIC CAT,ZR 8000 RR
ARCTIC CAT,ZR 8000 SNO PRO
ARCTIC CAT,ZR 9000 LIMITED
ARCTIC CAT,ZR 9000 LXR
ARCTIC CAT,ZR 9000 RR
ARCTIC CAT,ZR 9000 SNO PRO
ARGO,8X8 700 HD
ARGO,8X8 750 HDI
ARGO,8X8 750 HDI SE
ARGO,8X8 XTI
ASTON MARTIN,DB9
ASTON MARTIN,RAPIDE
ASTON MARTIN,V12 VANTAGE
ASTON MARTIN,V8 VANTAGE
ASTON MARTIN,VANQUISH
AUDI,A1
AUDI,A3
AUDI,A4
AUDI,A4 ALLROAD
AUDI,A4 QUATTRO
AUDI,A5
AUDI,A5 QUATTRO
AUDI,A6
AUDI,A6 QUATTRO
AUDI,A7 QUATTRO
AUDI,A8 QUATTRO
AUDI,ALLROAD
AUDI,Q3
AUDI,Q5
AUDI,Q7
AUDI,R8
AUDI,RS5
AUDI,RS7
AUDI,S3
AUDI,S4
AUDI,S5
AUDI,S6
AUDI,S7
AUDI,S8
AUDI,SQ5
AUDI,TT
AUDI,TT QUATTRO
BENTLEY,CONTINENTAL
BENTLEY,MULSANNE
BLUE BIRD,ALL AMERICAN
BMW,118I
BMW,220I
BMW,228I
BMW,235I
BMW,320I
BMW,320I XDRIVE
BMW,328D
BMW,328D XDRIVE
BMW,328I
BMW,328I GT XDRIVE
BMW,328I XDRIVE
BMW,335I
BMW,335I GT XDRIVE
BMW,335I XDRIVE
BMW,428I
BMW,428I XDRIVE
BMW,435I
BMW,435I XDRIVE
BMW,520I
BMW,528I
BMW,528I XDRIVE
BMW,535D
BMW,535D XDRIVE
BMW,535I
BMW,535I GT
BMW,535I GT XDRIVE
BMW,535I XDRIVE
BMW,550I
BMW,550I GT
BMW,550I GT XDRIVE
BMW,550I XDRIVE
BMW,640I
BMW,640I GRAN COUPE
BMW,640I XDRIVE
BMW,640I XDRIVE GRAN COUPE
BMW,650I
BMW,650I GRAN COUPE
BMW,650I XDRIVE
BMW,650I XDRIVE GRAN COUPE
BMW,740I
BMW,740LI
BMW,740LI XDRIVE
BMW,750I
BMW,750I XDRIVE
BMW,750LI
BMW,750LI XDRIVE
BMW,760LI
BMW,ACTIVEHYBRID 3
BMW,ACTIVEHYBRID 5
BMW,ACTIVEHYBRID 7
BMW,ALPINA B7
BMW,ALPINA B7 XDRIVE
BMW,ALPINA B7L
BMW,ALPINA B7L XDRIVE
BMW,C600 SPORT
BMW,C650GT
BMW,F700GS
BMW,F800GS
BMW,F800GS ADVENTURE
BMW,F800GT
BMW,G650GS
BMW,G650GS SERTAO
BMW,HP4
BMW,HP4 COMPETITION
BMW,I3
BMW,I8
BMW,K1300S
BMW,K1600GT
BMW,K1600GT SPORT
BMW,K1600GTL
BMW,K1600GTL EXCLUSIVE
BMW,M235I
BMW,M5
BMW,M6
BMW,M6 GRAN COUPE
BMW,R NINE T
BMW,R1200GS
BMW,R1200GS ADVENTURE
BMW,R1200R
BMW,S1000R
BMW,S1000RR
BMW,X1
BMW,X3
BMW,X5
BMW,X6
BMW,Z4
BUGATTI,VEYRON 16.4
BUICK,ENCLAVE
BUICK,ENCORE
BUICK,LACROSSE
BUICK,REGAL
BUICK,VERANO
CADILLAC,ATS
CADILLAC,CTS
CADILLAC,ELR
CADILLAC,ESCALADE
CADILLAC,ESCALADE ESV
CADILLAC,SRX
CADILLAC,XTS
CAN-AM,COMMANDER 1000
CAN-AM,COMMANDER 1000 DPS
CAN-AM,COMMANDER 1000 LTD
CAN-AM,COMMANDER 1000 XT
CAN-AM,COMMANDER 1000 XT-P
CAN-AM,COMMANDER 800R
CAN-AM,COMMANDER 800R XT
CAN-AM,COMMANDER DPS 800R
CAN-AM,COMMANDER MAX 1000 DPS
CAN-AM,COMMANDER MAX 1000 XT
CAN-AM,DS 250
CAN-AM,DS 450
CAN-AM,DS 450 X MX
CAN-AM,DS 450 X XC
CAN-AM,DS 70
CAN-AM,DS 90
CAN-AM,DS 90 X
CAN-AM,MAVERICK 1000R
CAN-AM,MAVERICK MAX 1000R
CAN-AM,MAVERICK MAX X RS DPS 1000R
CAN-AM,MAVERICK X MR 1000R
CAN-AM,MAVERICK X RS 1000R
CAN-AM,MAVERICK X RS DPS 1000R
CAN-AM,MAVERICK X XC DPS 1000R
CAN-AM,OUTLANDER 1000 EFI DPS
CAN-AM,OUTLANDER 1000 EFI XT
CAN-AM,OUTLANDER 1000 EFI XT-P
CAN-AM,OUTLANDER 1000 X MR
CAN-AM,OUTLANDER 400 EFI
CAN-AM,OUTLANDER 400 EFI XT
CAN-AM,OUTLANDER 500 EFI
CAN-AM,OUTLANDER 500 EFI DPS
CAN-AM,OUTLANDER 500 EFI XT
CAN-AM,OUTLANDER 650 EFI
CAN-AM,OUTLANDER 650 EFI DPS
CAN-AM,OUTLANDER 650 EFI XT
CAN-AM,OUTLANDER 650 X MR
CAN-AM,OUTLANDER 800R EFI
CAN-AM,OUTLANDER 800R EFI DPS
CAN-AM,OUTLANDER 800R EFI XT
CAN-AM,OUTLANDER 800R EFI XT-P
CAN-AM,OUTLANDER MAX 1000 EFI DPS
CAN-AM,OUTLANDER MAX 1000 EFI LTD
CAN-AM,OUTLANDER MAX 1000 EFI XT
CAN-AM,OUTLANDER MAX 1000 EFI XT-P
CAN-AM,OUTLANDER MAX 400 EFI
CAN-AM,OUTLANDER MAX 400 EFI XT
CAN-AM,OUTLANDER MAX 500 EFI
CAN-AM,OUTLANDER MAX 500 EFI DPS
CAN-AM,OUTLANDER MAX 500 EFI XT
CAN-AM,OUTLANDER MAX 650 EFI
CAN-AM,OUTLANDER MAX 650 EFI DPS
CAN-AM,OUTLANDER MAX 650 EFI XT
CAN-AM,OUTLANDER MAX 800R EFI DPS
CAN-AM,OUTLANDER MAX 800R EFI XT
CAN-AM,OUTLANDER MAX 800R EFI XT-P
CAN-AM,RENEGADE 1000
CAN-AM,RENEGADE 1000 X XC
CAN-AM,RENEGADE 500
CAN-AM,RENEGADE 800R
CAN-AM,RENEGADE 800R X XC
CHEVROLET,AVEO
CHEVROLET,CAMARO
CHEVROLET,CAPRICE
CHEVROLET,CAPTIVA SPORT
CHEVROLET,CHEYENNE
CHEVROLET,CORVETTE
CHEVROLET,CRUZE
CHEVROLET,EQUINOX
CHEVROLET,EXPRESS 1500
CHEVROLET,EXPRESS 2500
CHEVROLET,EXPRESS 3500
CHEVROLET,EXPRESS 4500
CHEVROLET,EXPRESS CARGO
CHEVROLET,EXPRESS PASAJEROS
CHEVROLET,IMPALA
CHEVROLET,IMPALA LIMITED
CHEVROLET,MALIBU
CHEVROLET,ORLANDO
CHEVROLET,SILVERADO 1500
CHEVROLET,SILVERADO 2500
CHEVROLET,SILVERADO 2500 HD
CHEVROLET,SILVERADO 3500 HD
CHEVROLET,SONIC
CHEVROLET,SPARK
CHEVROLET,SPARK EV
CHEVROLET,SS
CHEVROLET,SUBURBAN
CHEVROLET,SUBURBAN 1500
CHEVROLET,TAHOE
CHEVROLET,TORNADO
CHEVROLET,TRAVERSE
CHEVROLET,TRAX
CHEVROLET,VOLT
CHRYSLER,300C
CHRYSLER,TOWN & COUNTRY
DODGE,AVENGER
DODGE,CHALLENGER
DODGE,CHARGER
DODGE,DART
DODGE,DURANGO
DODGE,GRAND CARAVAN
DODGE,JOURNEY
DUCATI,1199 PANIGALE
DUCATI,1199 PANIGALE R
DUCATI,1199 PANIGALE S
DUCATI,899 PANIGALE
FERRARI,458 ITALIA
FERRARI,458 SPIDER
FERRARI,CALIFORNIA
FERRARI,F12 BERLINETTA
FERRARI,FF
FERRARI,LAFERRARI
FIAT,500L
FIAT,DUCATO
FORD,C-MAX
FORD,E-150
FORD,E-250
FORD,E-350 SUPER DUTY
FORD,E-450 SUPER DUTY
FORD,ECONOLINE VAN
FORD,ECONOLINE WAGON
FORD,ECOSPORT
FORD,EDGE
FORD,ESCAPE
FORD,EXPEDITION
FORD,EXPLORER
FORD,F-150
FORD,F-250
FORD,F-250 SUPER DUTY
FORD,F-350
FORD,F-350 SUPER DUTY
FORD,F-450
FORD,F-450 SUPER DUTY
FORD,F53
FORD,F-550
FORD,F-550 SUPER DUTY
FORD,FIESTA
FORD,FIESTA IKON
FORD,FLEX
FORD,FOCUS
FORD,FUSION
FORD,LOBO
FORD,MUSTANG
FORD,POLICE INTERCEPTOR SEDAN
FORD,POLICE INTERCEPTOR UTILITY
FORD,TAURUS
FORD,TRANSIT
FORD,TRANSIT CONNECT
FREIGHTLINER,108SD
FREIGHTLINER,114SD
FREIGHTLINER,CASCADIA
FREIGHTLINER,COLUMBIA
FREIGHTLINER,CORONADO
FREIGHTLINER,SPRINTER 2500
FREIGHTLINER,SPRINTER 3500
GMC,ACADIA
GMC,SAVANA 1500
GMC,SAVANA 2500
GMC,SAVANA 3500
GMC,SAVANA 4500
GMC,SIERRA
GMC,SIERRA 1500
GMC,SIERRA 2500 HD
GMC,SIERRA 3500 HD
GMC,TERRAIN
GMC,YUKON
GMC,YUKON XL 1500
HARLEY DAVIDSON,FLD SWITCHBACK
HARLEY DAVIDSON,FLHR ROAD KING
HARLEY DAVIDSON,FLHRSE6 CVO ROAD KING
HARLEY DAVIDSON,FLHTCU ELECTRA GLIDE ULTRA CLASSIC
HARLEY DAVIDSON,FLHTCUTG TRI GLIDE ULTRA
HARLEY DAVIDSON,FLHTK ELECTRA GLIDE ULTRA LIMITED
HARLEY DAVIDSON,FLHTKSE CVO LIMITED
HARLEY DAVIDSON,FLHX STREET GLIDE
HARLEY DAVIDSON,FLHXS STREET GLIDE SPECIAL
HARLEY DAVIDSON,FLS SOFTAIL SLIM
HARLEY DAVIDSON,FLSTC HERITAGE SOFTAIL CLASSIC
HARLEY DAVIDSON,FLSTF FAT BOY
HARLEY DAVIDSON,FLSTFB FAT BOY LO
HARLEY DAVIDSON,FLSTN SOFTAIL DELUXE
HARLEY DAVIDSON,FLSTNSE CVO SOFTAIL DELUXE
HARLEY DAVIDSON,FXDB STREET BOB
HARLEY DAVIDSON,FXDC SUPER GLIDE CUSTOM
HARLEY DAVIDSON,FXDF FAT BOB
HARLEY DAVIDSON,FXDL LOW RIDER
HARLEY DAVIDSON,FXDWG DYNA WIDE GLIDE
HARLEY DAVIDSON,FXSB BREAKOUT
HARLEY DAVIDSON,VRSCDX NIGHT ROD SPECIAL
HARLEY DAVIDSON,VRSCF V-ROD MUSCLE
HARLEY DAVIDSON,XL1200C SPORTSTER 1200 CUSTOM
HARLEY DAVIDSON,XL1200T SUPERLOW 1200T
HARLEY DAVIDSON,XL1200V SEVENTY-TWO
HARLEY DAVIDSON,XL1200X FORTY-EIGHT
HARLEY DAVIDSON,XL883L SUPERLOW
HARLEY DAVIDSON,XL883N IRON 883
HINO,195DC
HINO,195H
HINO,195H DC
HINO,258ALP
HINO,258LP
HINO,268A
HINO,338CT
HONDA,ACCORD
HONDA,CB1000R
HONDA,CB1100
HONDA,CB1100 DLX
HONDA,CB500F
HONDA,CB500F ABS
HONDA,CB500X
HONDA,CB500X ABS
HONDA,CBR1000RR
HONDA,CBR1000RR ABS
HONDA,CBR1000RR SP
HONDA,CBR500R
HONDA,CBR500R ABS
HONDA,CBR600RR
HONDA,CBR600RR ABS
HONDA,CBR650F
HONDA,CBR650F ABS
HONDA,CIVIC
HONDA,CMX250C REBEL
HONDA,CRF110F
HONDA,CRF125F
HONDA,CRF125FB BIG WHEEL
HONDA,CRF150F
HONDA,CRF150R
HONDA,CRF150R EXPERT
HONDA,CRF230F
HONDA,CRF250L
HONDA,CRF250R
HONDA,CRF450R
HONDA,CRF450X
HONDA,CRF50F
HONDA,CROSSTOUR
HONDA,CR-V
HONDA,CR-Z
HONDA,CTX1300
HONDA,CTX1300D DELUXE
HONDA,CTX700
HONDA,CTX700 DCT ABS
HONDA,CTX700N
HONDA,CTX700N DCT ABS
HONDA,FIT
HONDA,GL1800 GOLD WING AIRBAG
HONDA,GL1800HP GOLD WING AUDIO/COMFORT
HONDA,GROM 125
HONDA,INSIGHT
HONDA,NC700X
HONDA,NC700X DCT ABS
HONDA,NCH50 METROPOLITAN
HONDA,NPS50 RUCKUS
HONDA,NSS300 FORZA
HONDA,NSS300A FORZA ABS
HONDA,ODYSSEY
HONDA,PILOT
HONDA,RIDGELINE
HONDA,SXS700M2 PIONEER 700
HONDA,SXS700M4 PIONEER 700-4
HONDA,TRX250TE FOURTRAX RECON ES
HONDA,TRX250TM FOURTRAX RECON
HONDA,TRX250X
HONDA,TRX400X
HONDA,TRX420FA RANCHER AT
HONDA,TRX420FA1 FOURTRAX RANCHER 4X4 AUTO
HONDA,TRX420FA2 FOURTRAX RANCHER 4X4 AUTO
HONDA,TRX420FE1 FOURTRAX RANCHER 4X4 ES
HONDA,TRX420FM1 FOURTRAX RANCHER 4X4
HONDA,TRX420FM2 FOURTRAX RANCHER 4X4 WITH
HONDA,TRX420FPA RANCHER AT 4X4 W/ POWER S
HONDA,TRX420TE1 FOURTRAX RANCHER ES
HONDA,TRX420TM1 FOURTRAX RANCHER
HONDA,TRX450ER ELECTRIC START
HONDA,TRX500FA FOURTRAX FOREMAN RUBICON
HONDA,TRX500FE1 FOURTRAX FOREMAN 4X4 ES
HONDA,TRX500FE2 FOURTRAX FOREMAN 4X4 ES W
HONDA,TRX500FM1 FOURTRAX FOREMAN 4X4
HONDA,TRX500FM2 FOURTRAX FOREMAN 4X4 WITH
HONDA,TRX500FPA FOURTRAX FOREMAN RUBICON
HONDA,TRX680FA FOURTRAX RINCON
HONDA,TRX90X
HONDA,VFR800 INTERCEPTOR
HONDA,VFR800D INTERCEPTOR DLX
HONDA,VT1300CR STATELINE
HONDA,VT1300CRA STATELINE ABS
HONDA,VT1300CS SABRE
HONDA,VT1300CSA SABRE ABS
HONDA,VT1300CT INTERSTATE
HONDA,VT1300CTA INTERSTATE ABS
HONDA,VT13CX FURY
HONDA,VT13CXA FURY ABS
HONDA,VT750C SHADOW AERO
HONDA,VT750C2B SHADOW PHANTOM
HONDA,XR650L
HUSABERG,FE450
HUSABERG,FE501
HUSABERG,TE250
HUSABERG,TE300
HUSQVARNA,FE250
HUSQVARNA,FE350
HUSQVARNA,FE501
HUSQVARNA,TC125
HUSQVARNA,TC250
HUSQVARNA,TC85 19/16
HUSQVARNA,TE125
HUSQVARNA,TE250
HUSQVARNA,TE300
HYUNDAI,ACCENT
HYUNDAI,AZERA
HYUNDAI,ELANTRA
HYUNDAI,ELANTRA COUPE
HYUNDAI,ELANTRA GT
HYUNDAI,EQUUS
HYUNDAI,GENESIS
HYUNDAI,GENESIS COUPE
HYUNDAI,SANTA FE
HYUNDAI,SANTA FE XL
HYUNDAI,SONATA
HYUNDAI,TUCSON
HYUNDAI,VELOSTER
INDIAN,CHIEF CLASSIC
INDIAN,CHIEF VINTAGE
INDIAN,CHIEFTAIN
INFINITI,G37
INFINITI,Q50
INFINITI,Q60
INFINITI,Q70
INFINITI,QX50
INFINITI,QX60
INFINITI,QX70
INFINITI,QX80
JAGUAR,F-TYPE
JAGUAR,XF
JAGUAR,XFR
JAGUAR,XFR-S
JAGUAR,XJ
JAGUAR,XJR
JAGUAR,XK
JAGUAR,XKR
JAGUAR,XKR-S
JEEP,CHEROKEE
JEEP,COMPASS
JEEP,GRAND CHEROKEE
JEEP,PATRIOT
JEEP,WRANGLER
JOHN DEERE,GATOR CX 4X2
JOHN DEERE,GATOR HPX 4X4
JOHN DEERE,GATOR HPX 4X4 DIESEL
JOHN DEERE,GATOR TH 6X4
JOHN DEERE,GATOR TH 6X4 DIESEL
JOHN DEERE,GATOR TS 4X2
JOHN DEERE,GATOR TX 4X2
JOHN DEERE,GATOR XUV 550
JOHN DEERE,GATOR XUV 550 S4
JOHN DEERE,GATOR XUV 625I 4X4
JOHN DEERE,GATOR XUV 825I 4X4
JOHN DEERE,GATOR XUV 825I 4X4 POWER STEERING
JOHN DEERE,GATOR XUV 825I 4X4 S4
JOHN DEERE,GATOR XUV 855D 4X4 DIESEL
JOHN DEERE,GATOR XUV 855D 4X4 DIESEL POWER STE
JOHN DEERE,GATOR XUV 855D 4X4 DIESEL S4
JOHN DEERE,RSX850I
JOHN DEERE,RSX850I SPORT
JOHN DEERE,RSX850I TRAIL
KAWASAKI,EX300 NINJA 300
KAWASAKI,EX300 NINJA 300 ABS
KAWASAKI,EX300 NINJA 300 ABS SE
KAWASAKI,EX300 NINJA 300 SE
KAWASAKI,EX650 NINJA 650
KAWASAKI,EX650 NINJA 650 ABS
KAWASAKI,JT1500 STX-15F
KAWASAKI,JT1500 ULTRA 310LX
KAWASAKI,JT1500 ULTRA 310R
KAWASAKI,JT1500 ULTRA 310X
KAWASAKI,JT1500 ULTRA 310X SE
KAWASAKI,JT1500 ULTRA LX
KAWASAKI,KAF400 MULE 600
KAWASAKI,KAF400 MULE 610 4X4
KAWASAKI,KAF400 MULE 610 4X4 XC
KAWASAKI,KAF400 MULE 610 4X4 XC SE
KAWASAKI,KAF620 MULE 4000
KAWASAKI,KAF620 MULE 4010 4X4
KAWASAKI,KAF620 MULE 4010 TRANS 4X4
KAWASAKI,KFX450R
KAWASAKI,KFX50
KAWASAKI,KFX90
KAWASAKI,KLE650 VERSYS ABS
KAWASAKI,KLR650
KAWASAKI,KLR650 NEW EDITION
KAWASAKI,KLX110
KAWASAKI,KLX140
KAWASAKI,KLX140L
KAWASAKI,KLX250S
KAWASAKI,KRT800 TERYX
KAWASAKI,KRT800 TERYX CAMO
KAWASAKI,KRT800 TERYX LE
KAWASAKI,KRT800 TERYX4
KAWASAKI,KRT800 TERYX4 CAMO
KAWASAKI,KRT800 TERYX4 LE
KAWASAKI,KVF300 BRUTE FORCE
KAWASAKI,KVF750 BRUTE FORCE 4X4I
KAWASAKI,KVF750 BRUTE FORCE 4X4I EPS
KAWASAKI,KX100
KAWASAKI,KX250F
KAWASAKI,KX450F
KAWASAKI,KX65
KAWASAKI,KX85
KAWASAKI,VN1700 VULCAN 1700 NOMAD ABS
KAWASAKI,VN1700 VULCAN 1700 VAQUERO ABS
KAWASAKI,VN1700 VULCAN 1700 VAQUERO ABS SE
KAWASAKI,VN1700 VULCAN 1700 VOYAGER ABS
KAWASAKI,VN900B VULCAN 900 CLASSIC
KAWASAKI,VN900C VULCAN 900 CUSTOM
KAWASAKI,VN900D VULCAN 900 CLASSIC LT
KAWASAKI,ZG1400 CONCOURS ABS
KAWASAKI,ZR1000 Z1000 ABS
KAWASAKI,ZX1000 NINJA 1000 ABS
KAWASAKI,ZX1000 NINJA ZX-10R
KAWASAKI,ZX1000 NINJA ZX-10R ABS
KAWASAKI,ZX1400 NINJA ZX-14R
KAWASAKI,ZX1400 NINJA ZX-14R ABS
KAWASAKI,ZX636 NINJA ZX-6R
KAWASAKI,ZX636 NINJA ZX-6R ABS
KENWORTH,C500
KENWORTH,T170
KENWORTH,T270
KENWORTH,T370
KENWORTH,T400
KENWORTH,T660
KENWORTH,T680
KENWORTH,T700
KENWORTH,T800
KENWORTH,T880
KENWORTH,W900
KIA,CADENZA
KIA,FORTE
KIA,FORTE KOUP
KIA,OPTIMA
KIA,RIO
KIA,RONDO
KIA,SEDONA
KIA,SORENTO
KIA,SOUL
KIA,SPORTAGE
KTM,1190 ADVENTURE
KTM,1190 ADVENTURE R
KTM,1190 RC8 R
KTM,250 XC
KTM,250 XCF-W
KTM,250 XC-W
KTM,300 XC
KTM,300 XC-W
KTM,350 EXC-F
KTM,350 SX-F
KTM,450 SMR
KTM,450 SX-F
KTM,690 ENDURO R
KUBOTA,RTV-X1100C
KUBOTA,RTV-X1120D
KUBOTA,RTV-X900 GENERAL PURPOSE
KUBOTA,RTV-X900 WORKSITE
KYMCO,AGILITY 125
KYMCO,AGILITY 50
KYMCO,MAXXER 450I 4X4
KYMCO,MONGOOSE 300
KYMCO,MONGOOSE 90 R
KYMCO,MXU150
KYMCO,MXU300
KYMCO,MXU450I 4X4 IRS
KYMCO,MXU450I 4X4 IRS LE
KYMCO,MXU500 4X4 IRS
KYMCO,MXU500I 4X4 IRS
KYMCO,MXU500I 4X4 IRS LE
KYMCO,MXU700I 4X4 IRS
KYMCO,MXU700I 4X4 IRS LE
KYMCO,PEOPLE GT 300I
KYMCO,SUPER 8 150
KYMCO,UXV 500 4X4
KYMCO,UXV 500I 4X4
KYMCO,UXV 500I HE
KYMCO,UXV 500I LE
KYMCO,UXV 500I SP
KYMCO,UXV 500I TURF
KYMCO,UXV 700I
KYMCO,UXV 700I HE
KYMCO,UXV 700I LE
KYMCO,UXV 700I SP
KYMCO,UXV 700I TURF
KYMCO,XCITING 500RI ABS
LAMBORGHINI,AVENTADOR
LAMBORGHINI,GALLARDO
LAND ROVER,DEFENDER
LAND ROVER,LR2
LAND ROVER,LR4
LAND ROVER,RANGE ROVER
LAND ROVER,RANGE ROVER EVOQUE
LAND ROVER,RANGE ROVER SPORT
LEXUS,CT200H
LEXUS,ES300H
LEXUS,ES350
LEXUS,GS350
LEXUS,GS450H
LEXUS,GX460
LEXUS,IS F
LEXUS,IS250
LEXUS,IS350
LEXUS,LS460
LEXUS,LS600H
LEXUS,LX570
LEXUS,RX350
LEXUS,RX450H
LINCOLN,MARK LT
LINCOLN,MKS
LINCOLN,MKT
LINCOLN,MKX
LINCOLN,MKZ
LINCOLN,NAVIGATOR
LOTUS,EVORA
MACK,CHU
MACK,CXU
MACK,GU4
MACK,GU5
MACK,GU7
MACK,GU8
MACK,LEU
MACK,MRU
MACK,TD700
MASERATI,GHIBLI
MASERATI,GRANTURISMO
MASERATI,QUATTROPORTE
MAZDA,3 SPORT
MAZDA,CX-5
MAZDA,CX-9
MAZDA,MX-5
MAZDA,MX-5 MIATA
MCLAREN,MP4-12C
MCLAREN,P1
MERCEDES-BENZ,A180
MERCEDES-BENZ,A200
MERCEDES-BENZ,A250
MERCEDES-BENZ,A45 AMG
MERCEDES-BENZ,B ELECTRIC DRIVE
MERCEDES-BENZ,B180
MERCEDES-BENZ,B250
MERCEDES-BENZ,C250
MERCEDES-BENZ,C300
MERCEDES-BENZ,C350
MERCEDES-BENZ,C63 AMG
MERCEDES-BENZ,CL550
MERCEDES-BENZ,CL600
MERCEDES-BENZ,CL63 AMG
MERCEDES-BENZ,CL65 AMG
MERCEDES-BENZ,CLA200
MERCEDES-BENZ,CLA250
MERCEDES-BENZ,CLA45 AMG
MERCEDES-BENZ,CLS350
MERCEDES-BENZ,CLS500
MERCEDES-BENZ,CLS550
MERCEDES-BENZ,CLS63 AMG
MERCEDES-BENZ,CLS63 AMG S
MERCEDES-BENZ,E250
MERCEDES-BENZ,E350
MERCEDES-BENZ,E400
MERCEDES-BENZ,E500
MERCEDES-BENZ,E550
MERCEDES-BENZ,E63 AMG
MERCEDES-BENZ,E63 AMG S
MERCEDES-BENZ,G500
MERCEDES-BENZ,G550
MERCEDES-BENZ,G63 AMG
MERCEDES-BENZ,G65 AMG
MERCEDES-BENZ,GL350
MERCEDES-BENZ,GL450
MERCEDES-BENZ,GL500
MERCEDES-BENZ,GL550
MERCEDES-BENZ,GL63 AMG
MERCEDES-BENZ,GLA200
MERCEDES-BENZ,GLK250
MERCEDES-BENZ,GLK350
MERCEDES-BENZ,ML350
MERCEDES-BENZ,ML500
MERCEDES-BENZ,ML550
MERCEDES-BENZ,ML63 AMG
MERCEDES-BENZ,S500
MERCEDES-BENZ,S550
MERCEDES-BENZ,S63 AMG
MERCEDES-BENZ,SL500
MERCEDES-BENZ,SL550
MERCEDES-BENZ,SL63 AMG
MERCEDES-BENZ,SL65 AMG
MERCEDES-BENZ,SLK200
MERCEDES-BENZ,SLK250
MERCEDES-BENZ,SLK350
MERCEDES-BENZ,SLK55 AMG
MERCEDES-BENZ,SLS AMG
MERCEDES-BENZ,SPRINTER 2500
MERCEDES-BENZ,SPRINTER 3500
MINI,COOPER
MINI,COOPER COUNTRYMAN
MINI,COOPER PACEMAN
MITSUBISHI,I-MIEV
MITSUBISHI,L200
MITSUBISHI,LANCER
MITSUBISHI,MIRAGE
MITSUBISHI,MONTERO
MITSUBISHI,OUTLANDER
MITSUBISHI,OUTLANDER SPORT
MITSUBISHI,RVR
NISSAN,370Z
NISSAN,ALTIMA
NISSAN,ARMADA
NISSAN,CUBE
NISSAN,FRONTIER
NISSAN,GT-R
NISSAN,JUKE
NISSAN,LEAF
NISSAN,MARCH
NISSAN,MAXIMA
NISSAN,MURANO
NISSAN,NV1500
NISSAN,NV200
NISSAN,NV2500
NISSAN,NV3500
NISSAN,PATHFINDER
NISSAN,QUEST
NISSAN,ROGUE
NISSAN,ROGUE SELECT
NISSAN,SENTRA
NISSAN,TITAN
NISSAN,VERSA
NISSAN,VERSA NOTE
NISSAN,XTERRA
PEUGEOT,208 GT
PEUGEOT,PARTNER
PEUGEOT,RCZ
POLARIS,550 INDY
POLARIS,550 INDY 144
POLARIS,550 INDY LXT
POLARIS,550 INDY VOYAGER
POLARIS,600 INDY
POLARIS,600 INDY SP
POLARIS,600 INDY SP LE
POLARIS,600 INDY VOYAGER
POLARIS,600 IQ LXT
POLARIS,600 IQ WIDETRACK
POLARIS,600 PRO-RMK 155
POLARIS,600 RMK 144
POLARIS,600 RMK 155
POLARIS,600 RUSH PRO-R
POLARIS,600 SWITCHBACK
POLARIS,600 SWITCHBACK ADVENTURE
POLARIS,600 SWITCHBACK ASSAULT 144
POLARIS,600 SWITCHBACK PRO-R
POLARIS,800 INDY SP
POLARIS,800 INDY SP LE
POLARIS,800 PRO-RMK 155
POLARIS,800 PRO-RMK 163
POLARIS,800 PRO-RMK LE
POLARIS,800 RMK 155
POLARIS,800 RMK ASSAULT 155
POLARIS,800 RMK ASSAULT 155 LE
POLARIS,800 RUSH PRO-R
POLARIS,800 RUSH PRO-R LE
POLARIS,800 SWITCHBACK
POLARIS,800 SWITCHBACK ADVENTURE
POLARIS,800 SWITCHBACK ASSAULT 144
POLARIS,800 SWITCHBACK ASSAULT LE
POLARIS,800 SWITCHBACK PRO-R
POLARIS,800 SWITCHBACK PRO-R LE
POLARIS,OUTLAW 50
POLARIS,OUTLAW 90
POLARIS,PHOENIX 200
POLARIS,RANGER 4X4 400
POLARIS,RANGER 570 CREW
POLARIS,RANGER 570 CREW EPS LE
POLARIS,RANGER 570 EFI
POLARIS,RANGER 570 EPS LE
POLARIS,RANGER 6X6 800
POLARIS,RANGER 800 CREW
POLARIS,RANGER 800 EFI
POLARIS,RANGER 800 EFI EPS LE
POLARIS,RANGER 800 EFI MID-SIZE
POLARIS,RANGER 800 EPS MID-SIZE LE
POLARIS,RANGER 900 CREW
POLARIS,RANGER 900 CREW EPS
POLARIS,RANGER 900 CREW EPS LE
POLARIS,RANGER 900 XP
POLARIS,RANGER 900 XP DELUXE
POLARIS,RANGER 900 XP EPS
POLARIS,RANGER 900 XP EPS BROWNING LE
POLARIS,RANGER 900 XP EPS LE
POLARIS,RANGER CREW DIESEL
POLARIS,RANGER DIESEL
POLARIS,RANGER DIESEL HST
POLARIS,RANGER DIESEL HST DELUXE
POLARIS,RZR 170
POLARIS,RZR 4 800 EPS LE
POLARIS,RZR 4 900 EPS LE
POLARIS,RZR 570
POLARIS,RZR 570 EPS LE
POLARIS,RZR 570 EPS TRAIL LE
POLARIS,RZR 800
POLARIS,RZR 800 EPS LE
POLARIS,RZR 900
POLARIS,RZR 900 EPS LE
POLARIS,RZR S 800
POLARIS,RZR S 800 EPS LE
POLARIS,RZR XP 1000 EPS
POLARIS,RZR XP 4 1000 EPS
POLARIS,SCRAMBLER 1000 XP EPS
POLARIS,SCRAMBLER 850 XP HO
POLARIS,SCRAMBLER 850 XP HO EPS LE
POLARIS,SPORTSMAN 400 HO
POLARIS,SPORTSMAN 400 HO SOUTH EDITION
POLARIS,SPORTSMAN 550 EPS
POLARIS,SPORTSMAN 550 EPS BROWNING LE
POLARIS,SPORTSMAN 550 TOURING EPS
POLARIS,SPORTSMAN 550 X2 EPS
POLARIS,SPORTSMAN 570
POLARIS,SPORTSMAN 570 EPS
POLARIS,SPORTSMAN 570 TOURING
POLARIS,SPORTSMAN 800 6X6 BIG BOSS
POLARIS,SPORTSMAN 800 EFI
POLARIS,SPORTSMAN 850 HO TOURING EPS
POLARIS,SPORTSMAN 850 HO TOURING EPS BRONZE
POLARIS,SPORTSMAN 850 HO XP EPS
POLARIS,SPORTSMAN 850 HO XP EPS BROWNING LE
POLARIS,SPORTSMAN 850 HO XP EPS PEARL WHITE
POLARIS,SPORTSMAN 90
POLARIS,SPORTSMAN FOREST 550
POLARIS,SPORTSMAN FOREST 570
POLARIS,SPORTSMAN FOREST 800
POLARIS,SPORTSMAN FOREST 800 6X6
POLARIS,SPORTSMAN FOREST 850
POLARIS,SPORTSMAN WV850 HO
POLARIS,TURBO IQ LXT
PORSCHE,BOXSTER
PORSCHE,CAYENNE
PORSCHE,CAYMAN
PORSCHE,PANAMERA
RAM,C/V
RAM,PROMASTER 1500
RAM,PROMASTER 2500
RAM,PROMASTER 3500
RAM,RAM
RAM,RAM PICKUP
RENAULT,FLUENCE
RENAULT,KANGOO EXPRESS
RENAULT,KOLEOS
RENAULT,STEPWAY
ROLLS ROYCE,GHOST
ROLLS ROYCE,PHANTOM
ROLLS ROYCE,WRAITH
SCION,FR-S
SCION,IQ
SCION,TC
SCION,XB
SCION,XD
SEAT,ALTEA XL
SEAT,IBIZA
SEAT,LEON
SKI-DOO,EXPEDITION LE 4-TEC 1200
SKI-DOO,EXPEDITION LE E-TEC 600 HO
SKI-DOO,EXPEDITION SE 4-TEC 1200
SKI-DOO,EXPEDITION SE E-TEC 600 HO
SKI-DOO,EXPEDITION SPORT 550F
SKI-DOO,EXPEDITION SPORT 600 ACE
SKI-DOO,EXPEDITION SPORT ACE 900
SKI-DOO,FREERIDE E-TEC 800R 137
SKI-DOO,FREERIDE E-TEC 800R 146
SKI-DOO,FREERIDE E-TEC 800R 154
SKI-DOO,GRAND TOURING 1200 SE 4-TEC
SKI-DOO,GRAND TOURING 550F SPORT
SKI-DOO,GRAND TOURING LE 4-TEC 1200
SKI-DOO,GRAND TOURING LE ACE 900
SKI-DOO,GRAND TOURING LE E-TEC 600 HO
SKI-DOO,GRAND TOURING SPORT 600 ACE
SKI-DOO,GRAND TOURING SPORT 600 CARB
SKI-DOO,GSX LE 4-TEC 1200
SKI-DOO,GSX LE ACE 900
SKI-DOO,GSX LE E-TEC 600 HO
SKI-DOO,GSX SE 4-TEC 1200
SKI-DOO,GSX SE E-TEC 600 HO
SKI-DOO,GSX SE E-TEC 800R
SKI-DOO,MX Z SPORT 550F
SKI-DOO,MX Z SPORT 600 ACE
SKI-DOO,MX Z SPORT 600 CARB
SKI-DOO,MX Z TNT 4-TEC 1200
SKI-DOO,MX Z TNT ACE 900
SKI-DOO,MX Z TNT E-TEC 600 HO
SKI-DOO,MX Z TNT E-TEC 800R
SKI-DOO,MX Z X 4-TEC 1200
SKI-DOO,MX Z X E-TEC 600 HO
SKI-DOO,MX Z X E-TEC 800R
SKI-DOO,MX Z X-RS E-TEC 600 HO
SKI-DOO,MX Z X-RS E-TEC 800R
SKI-DOO,RENEGADE ADRENALINE 4-TEC 1200
SKI-DOO,RENEGADE ADRENALINE ACE 900
SKI-DOO,RENEGADE ADRENALINE E-TEC 600 HO
SKI-DOO,RENEGADE ADRENALINE E-TEC 800R
SKI-DOO,RENEGADE BACKCOUNTRY E-TEC 600 HO
SKI-DOO,RENEGADE BACKCOUNTRY E-TEC 800R
SKI-DOO,RENEGADE BACKCOUNTRY X E-TEC 600 HO
SKI-DOO,RENEGADE BACKCOUNTRY X E-TEC 800R
SKI-DOO,RENEGADE SPORT 550F
SKI-DOO,RENEGADE SPORT 600 ACE
SKI-DOO,RENEGADE X 4-TEC 1200
SKI-DOO,RENEGADE X E-TEC 600 HO
SKI-DOO,RENEGADE X E-TEC 800R
SKI-DOO,SKANDIC 550F WT
SKI-DOO,SKANDIC SWT ACE 600
SKI-DOO,SKANDIC SWT E-TEC 600 HO
SKI-DOO,SKANDIC WT E-TEC 600 HO
SKI-DOO,SUMMIT SP E-TEC 600 HO 146
SKI-DOO,SUMMIT SP E-TEC 600 HO 154
SKI-DOO,SUMMIT SP E-TEC 800R 146
SKI-DOO,SUMMIT SP E-TEC 800R 154
SKI-DOO,SUMMIT SP E-TEC 800R 163
SKI-DOO,SUMMIT SPORT 600 CARB
SKI-DOO,SUMMIT SPORT POWER TEK 800R
SKI-DOO,SUMMIT X E-TEC 800R 146
SKI-DOO,SUMMIT X E-TEC 800R 154
SKI-DOO,SUMMIT X E-TEC 800R 163
SKI-DOO,TUNDRA EXTREME E-TEC 600 HO
SKI-DOO,TUNDRA LT 550F
SKI-DOO,TUNDRA LT ACE 600
SKI-DOO,TUNDRA SPORT 550F
SKI-DOO,TUNDRA SPORT ACE 600
SMART,FORTWO
SRT,VIPER
SUBARU,BRZ
SUBARU,FORESTER
SUBARU,IMPREZA
SUBARU,LEGACY
SUBARU,OUTBACK
SUBARU,TRIBECA
SUBARU,WRX
SUBARU,WRX STI
SUBARU,XV
SUBARU,XV CROSSTREK
SUZUKI,AN400 BURGMAN ABS
SUZUKI,AN650A BURGMAN ABS
SUZUKI,C50 BOULEVARD B.O.S.S.
SUZUKI,C50T BOULEVARD
SUZUKI,C90 BOULEVARD B.O.S.S.
SUZUKI,DL1000 V-STROM ABS
SUZUKI,DL1000 V-STROM ABS ADVENTURE
SUZUKI,DL650A V-STROM ABS
SUZUKI,DL650A V-STROM ABS ADVENTURE
SUZUKI,DR200SE
SUZUKI,DR650SE
SUZUKI,DR-Z125
SUZUKI,DR-Z125L
SUZUKI,DR-Z400S
SUZUKI,DR-Z400SM
SUZUKI,GRAND VITARA
SUZUKI,GSX1300R HAYABUSA
SUZUKI,GSX1300R HAYABUSA 50TH ANN. EDITION
SUZUKI,GSX-R1000
SUZUKI,GSX-R1000 SE
SUZUKI,GSX-R600
SUZUKI,GSX-R750
SUZUKI,GSX-R750 50TH ANN. EDITION
SUZUKI,KIZASHI
SUZUKI,LT-A400F KINGQUAD ASI
SUZUKI,LT-A400F KINGQUAD ASI LE
SUZUKI,LT-A500 KINGQUAD AXI
SUZUKI,LT-A500 KINGQUAD AXI POWER STEERING
SUZUKI,LT-A750 KINGQUAD AXI POWER STEERING
SUZUKI,LT-A750X KINGQUAD AXI 4X4
SUZUKI,LT-A750X KINGQUAD AXI 4X4 LE
SUZUKI,LT-F250 OZARK
SUZUKI,LT-F400F KINGQUAD FSI
SUZUKI,LT-F400F KINGQUAD FSI LE
SUZUKI,LT-Z400 QUADSPORT Z
SUZUKI,LT-Z90 QUADSPORT
SUZUKI,M109R BOULEVARD
SUZUKI,M109R BOULEVARD B.O.S.S.
SUZUKI,M50 BOULEVARD
SUZUKI,M90 BOULEVARD
SUZUKI,RMZ250
SUZUKI,RMZ450
SUZUKI,S40 BOULEVARD
SUZUKI,SFV650
SUZUKI,SWIFT
SUZUKI,SX4
SUZUKI,TU250X
SUZUKI,UH200 BURGMAN ABS
TESLA,S
TESLA,X
TOYOTA,4RUNNER
TOYOTA,AVALON
TOYOTA,AVANZA
TOYOTA,CAMRY
TOYOTA,COROLLA
TOYOTA,FJ CRUISER
TOYOTA,HIGHLANDER
TOYOTA,LAND CRUISER
TOYOTA,MATRIX
TOYOTA,PRIUS
TOYOTA,PRIUS C
TOYOTA,PRIUS V
TOYOTA,RAV4
TOYOTA,SEQUOIA
TOYOTA,SIENNA
TOYOTA,TACOMA
TOYOTA,TUNDRA
TOYOTA,VENZA
TOYOTA,YARIS
TRIUMPH,DAYTONA 675
TRIUMPH,DAYTONA 675 R
TRIUMPH,ROCKET III ROADSTER
TRIUMPH,ROCKET III TOURING
TRIUMPH,SCRAMBLER
TRIUMPH,SPEED TRIPLE ABS
TRIUMPH,SPEED TRIPLE R ABS
TRIUMPH,TIGER EXPLORER
TRIUMPH,TIGER EXPLORER XC
TRIUMPH,TROPHY SE
VESPA,GTS 300
VESPA,GTS 300 SUPER
VESPA,GTS 300 SUPER SPORT SE
VESPA,GTV 300
VICTORY,15TH ANNIVERSARY CROSS COUNTRY TOUR
VICTORY,BOARDWALK
VICTORY,CROSS COUNTRY
VICTORY,CROSS COUNTRY 8-BALL
VICTORY,CROSS COUNTRY TOUR
VICTORY,CROSS ROADS 8-BALL
VICTORY,CROSS ROADS CLASSIC
VICTORY,HAMMER 8-BALL
VICTORY,HIGH-BALL
VICTORY,JACKPOT
VICTORY,JUDGE
VICTORY,NESS CROSS COUNTRY
VICTORY,VEGAS 8-BALL
VICTORY,VISION TOUR
VOLKSWAGEN,AMAROK
VOLKSWAGEN,BEETLE
VOLKSWAGEN,CADDY
VOLKSWAGEN,CC
VOLKSWAGEN,CRAFTER
VOLKSWAGEN,EOS
VOLKSWAGEN,GOLF
VOLKSWAGEN,GTI
VOLKSWAGEN,JETTA
VOLKSWAGEN,PASSAT
VOLKSWAGEN,POLO
VOLKSWAGEN,ROUTAN
VOLKSWAGEN,THE BEETLE
VOLKSWAGEN,TIGUAN
VOLKSWAGEN,TOUAREG
VOLKSWAGEN,TRANSPORTER
VOLVO,S60
VOLVO,S80
VOLVO,V40
VOLVO,V40 CROSS COUNTRY
VOLVO,V60
VOLVO,XC60
VOLVO,XC70
VOLVO,XC90
YAMAHA,FA1800 WAVERUNNER FX SHO
YAMAHA,FA1800A WAVERUNNER FX CRUISER SHO
YAMAHA,FB1800 WAVERUNNER FX HO
YAMAHA,FB1800A WAVERUNNER FX CRUISER HO
YAMAHA,FC1800 FX SVHO
YAMAHA,FC1800A FX CRUISER SVHO
YAMAHA,FJR1300A ABS
YAMAHA,FJR1300ES
YAMAHA,FX10 FX NYTRO
YAMAHA,FX10M FX NYTRO MTX 153
YAMAHA,FX10M FX NYTRO MTX 162
YAMAHA,FX10XT FX NYTRO XTX 1.75
YAMAHA,FZ-09
YAMAHA,FZ6R
YAMAHA,FZS1000 FZ1
YAMAHA,GX1800 WAVERUNNER FZR
YAMAHA,GX1800A WAVERUNNER FZS
YAMAHA,PW50
YAMAHA,PZ50MT PHAZER MTX
YAMAHA,PZ50RTX PHAZER RTX
YAMAHA,PZ50XT PHAZER XTX
YAMAHA,RM1800 AR192
YAMAHA,RM1800 SX192
YAMAHA,RPZ50 VENTURE MP
YAMAHA,RS10 RS VENTURE TF
YAMAHA,RS90LT RS VECTOR LTX
YAMAHA,RS90R RS VECTOR
YAMAHA,RST90 RS VENTURE
YAMAHA,RST90GT RS VENTURE GT
YAMAHA,RX10PS APEX SE
YAMAHA,RX10PX APEX XTX
YAMAHA,RX10R APEX
YAMAHA,RX1800 AR190
YAMAHA,RX1800 SX190
YAMAHA,SJ700 SUPER JET
YAMAHA,SR VIPER
YAMAHA,SR VIPER LTX
YAMAHA,SR VIPER LTX SE
YAMAHA,SR VIPER RTX SE
YAMAHA,SR VIPER XTX SE
YAMAHA,SRX120 SX120
YAMAHA,SXT1800 242 LIMITED
YAMAHA,SXT1800 242 LIMITED S
YAMAHA,SXT1800 AR240 HO
YAMAHA,SXT1800 SX240 HO
YAMAHA,TTR110E
YAMAHA,TTR125LE
YAMAHA,TTR230
YAMAHA,TTR50E
YAMAHA,TW200
YAMAHA,VK10 VIKING PROFESSIONAL
YAMAHA,VMX1700 V-MAX
YAMAHA,VX1100A WAVERUNNER VX CRUISER
YAMAHA,VX1100B WAVERUNNER VX DELUXE
YAMAHA,VX1100C WAVERUNNER VX SPORT
YAMAHA,VX1800AK WAVERUNNER VXR
YAMAHA,VX1800K WAVERUNNER VXS
YAMAHA,WR250R
YAMAHA,WR450F
YAMAHA,XAT1800 212SS
YAMAHA,XAT1800 212X
YAMAHA,XC50 VINO 50 CLASSIC
YAMAHA,XT250
YAMAHA,XV1700AS ROAD STAR S
YAMAHA,XV1700ATS ROAD STAR SILVERADO S
YAMAHA,XV1900CT STRATOLINER DELUXE
YAMAHA,XV1900CTS STRATOLINER S
YAMAHA,XV1900S ROADLINER S
YAMAHA,XV19C RAIDER SCL
YAMAHA,XV19CX RAIDER
YAMAHA,XV19CXC RAIDER S
YAMAHA,XV250 V STAR 250
YAMAHA,XVS13 STRYKER
YAMAHA,XVS1300 V STAR 1300
YAMAHA,XVS1300 V STAR 1300 DELUXE
YAMAHA,XVS1300A V STAR 1300 TOURER
YAMAHA,XVS650 V STAR CUSTOM
YAMAHA,XVS950 BOLT
YAMAHA,XVS950 BOLT R-SPEC
YAMAHA,XVS950CT V STAR 950 TOURER
YAMAHA,YFM350 GRIZZLY 4X4 AUTO
YAMAHA,YFM350 GRIZZLY AUTO
YAMAHA,YFM450 GRIZZLY 4X4 AUTO
YAMAHA,YFM450 GRIZZLY 4X4 AUTO EPS
YAMAHA,YFM550 GRIZZLY FI 4X4 AUTO
YAMAHA,YFM550 GRIZZLY FI 4X4 AUTO EPS
YAMAHA,YFM700 GRIZZLY FI 4X4 AUTO
YAMAHA,YFM700 GRIZZLY FI 4X4 AUTO EPS
YAMAHA,YFM700 GRIZZLY FI 4X4 AUTO EPS SE
YAMAHA,YFM700 RAPTOR
YAMAHA,YFM700R RAPTOR
YAMAHA,YFM700R RAPTOR SE
YAMAHA,YFZ450R
YAMAHA,YFZ450R SE
YAMAHA,YP400 MAJESTY
YAMAHA,YW125 ZUMA 125
YAMAHA,YW50F ZUMA 50F
YAMAHA,YW50FX ZUMA 50FX
YAMAHA,YXM700 VIKING FI 4X4
YAMAHA,YXM700 VIKING FI 4X4 EPS
YAMAHA,YXM700 VIKING FI 4X4 EPS SE
YAMAHA,YXM700 VIKING FI 4X4 EPS WITH SUNTO
YAMAHA,YXM700 VIKING FI 4X4 WITH SUNTOP
YAMAHA,YZ125
YAMAHA,YZ250
YAMAHA,YZ250F
YAMAHA,YZ450F
YAMAHA,YZ85
YAMAHA,YZF-R1
YAMAHA,YZF-R6
