employer,department,employee_id,ssn
Stiedemann-Bailey,Research and Development,29-0890771,100-53-9824
Nicolas and Sons,Sales,41-6841359,101-71-4702
Connelly Group,Research and Development,98-7952860,101-84-0356
Upton LLC,Marketing,56-9817552,104-22-0928
Zemlak-Olson,Business Development,46-2886707,104-84-7144
"Kohler, Bradtke and Davis",Support,80-0975518,105-27-5541
"Roberts, Torphy and Dach",Human Resources,77-4895332,105-85-7486
Lind-Jast,Marketing,79-6418731,105-91-5022
Bashirian-Lueilwitz,Engineering,44-3328799,105-91-7777
"Windler, Marks and Haley",Services,54-6271885,106-35-1938
Leffler-Hahn,Accounting,31-5735282,106-36-3293
Lueilwitz LLC,Marketing,33-9146042,110-84-3641
Davis Inc,Accounting,39-0400385,111-35-1034
Kunze LLC,Research and Development,78-2612900,114-06-6912
"Mayert, Rice and Schmitt",Product Management,85-8596488,114-66-0984
Pouros LLC,Legal,14-2589283,114-74-8701
Pfannerstill Group,Research and Development,43-1532437,116-10-7235
Ryan Group,Sales,08-8274517,116-77-4915
Ritchie-Pagac,Business Development,38-0095184,117-39-6617
Schmeler and Sons,Research and Development,62-3275199,117-77-9748
Kerluke-Dibbert,Services,90-5121197,117-78-6202
Hane-Klocko,Human Resources,27-2946273,118-21-0357
Ernser LLC,Services,07-6466085,118-95-7100
Terry LLC,Accounting,70-4864087,119-07-8817
"Rolfson, Price and Crooks",Business Development,77-0255816,120-33-5535
"Romaguera, Welch and Haley",Engineering,14-6523887,120-98-4054
"Paucek, Huels and Bauch",Accounting,21-1452824,121-98-3948
Hayes-Trantow,Support,07-2855255,123-05-3229
"Cruickshank, Legros and Keebler",Research and Development,57-1590433,123-62-2832
Mueller-Rath,Human Resources,05-8069298,123-88-3381
"Schumm, Schumm and Reichert",Engineering,73-3839744,125-07-9434
Tromp-Leffler,Support,02-6267170,127-49-2473
Wolf LLC,Engineering,53-8370994,127-52-8001
Kulas-Corwin,Sales,78-0632027,127-68-4232
"MacGyver, Wiegand and Grant",Product Management,77-4182531,127-93-3548
Kertzmann-O'Hara,Sales,44-8015165,128-42-4599
"Vandervort, Bernier and Morissette",Human Resources,14-4998615,128-53-0369
King-Donnelly,Training,82-0573004,128-53-7952
Harris Inc,Support,53-7535536,128-56-6040
"Heidenreich, Bergnaum and Smith",Training,04-7204163,128-60-4388
Altenwerth-Heidenreich,Research and Development,58-3628686,129-67-0291
Gibson and Sons,Sales,57-8173633,131-81-4310
Rodriguez LLC,Legal,65-7310166,132-26-3507
Donnelly-Crooks,Human Resources,22-2943669,134-05-0120
Hyatt LLC,Training,96-9647102,135-86-9625
Schuster Group,Research and Development,72-4728604,137-13-1889
Homenick-Beer,Product Management,01-9334133,138-65-4579
VonRueden-Torphy,Business Development,10-6636122,138-67-1198
"Mohr, Harvey and Mitchell",Legal,64-7550101,138-88-5288
Keeling-Schroeder,Engineering,82-2479019,139-04-8189
Gusikowski-Block,Legal,41-1454732,139-94-5865
Pollich-Heathcote,Product Management,12-2844710,139-99-6417
Bogisich Inc,Human Resources,34-7172919,140-33-9727
Gutkowski Inc,Engineering,83-4836768,140-58-8263
Greenholt LLC,Sales,84-5391800,141-15-0543
Hartmann Inc,Support,26-7276512,141-88-9721
Zboncak-Gulgowski,Marketing,05-0368584,142-77-4616
Altenwerth-Emard,Marketing,30-5847411,142-87-3416
Cronin Inc,Business Development,08-3106397,143-17-4714
"Murray, Wolff and Little",Business Development,29-3578815,145-10-8454
Dibbert LLC,Support,09-9620598,145-35-5124
Tromp Inc,Research and Development,06-3360383,145-78-3985
"Kub, Koch and Ratke",Marketing,72-7830449,146-81-3446
Greenholt-Gusikowski,Engineering,16-6006875,147-33-1463
"Tremblay, Jacobs and Swift",Training,46-1648855,147-47-8577
Bashirian-Moen,Training,51-9115041,147-63-3462
Hudson-Gerhold,Human Resources,62-2244500,148-60-7519
Balistreri Inc,Sales,92-8183627,149-18-7272
"Eichmann, Quigley and Macejkovic",Business Development,48-8059597,149-45-6482
Bosco-Kunde,Services,55-1726090,150-64-6357
Ratke-Raynor,Legal,60-6687797,150-89-3343
Bergstrom-Boyle,Marketing,72-3121170,151-54-3946
McLaughlin-Rohan,Legal,47-1922172,151-70-0641
"Schinner, Swaniawski and Carter",Human Resources,93-3103060,151-78-1397
"Little, Hagenes and McKenzie",Training,75-9906937,152-71-3526
"Gerlach, Bahringer and Rutherford",Accounting,95-5604381,153-67-1309
Gorczany LLC,Training,62-8983936,154-17-7912
"Little, Powlowski and Witting",Business Development,42-4459617,156-18-7547
King LLC,Research and Development,39-4026042,156-91-6848
Konopelski-Vandervort,Legal,87-8332368,157-17-9982
Reichel Group,Training,10-5605387,157-38-7090
Gerhold-Marquardt,Research and Development,25-6013938,157-51-5269
Greenholt-Hermiston,Business Development,66-9841280,161-36-9710
"Oberbrunner, Donnelly and Gibson",Human Resources,83-2548521,161-53-4778
Roberts Group,Product Management,07-6620387,163-68-8070
Olson-Lynch,Business Development,50-7113609,163-98-1022
"Quitzon, Rempel and Hane",Business Development,03-4767523,164-11-9849
"Carroll, Konopelski and Wunsch",Research and Development,43-4797129,166-10-4488
Howell LLC,Business Development,70-2399476,167-39-2377
Johnson Inc,Services,34-7741883,168-02-5324
Corwin and Sons,Legal,15-8160997,168-19-8754
Zemlak LLC,Research and Development,86-8667896,168-81-0838
Toy-Jakubowski,Engineering,17-8085199,168-89-6661
"Murphy, Windler and Bartoletti",Legal,02-6976472,170-65-3388
Batz Inc,Support,49-2738721,171-27-7781
Jast and Sons,Services,38-6141294,172-23-7739
Roberts LLC,Research and Development,91-2028080,172-77-4263
"Schultz, Price and Walsh",Business Development,69-6328477,172-89-7546
"Zulauf, Hudson and Wisozk",Research and Development,39-1896194,173-99-7372
Bode-Zulauf,Marketing,42-0021775,174-13-2047
Windler Group,Legal,16-2190623,174-35-3812
Jast-Quitzon,Human Resources,67-5707294,174-51-9992
Green-Waelchi,Engineering,29-7065788,174-87-2537
Brown Group,Accounting,91-0435820,176-82-1359
MacGyver-Hartmann,Accounting,77-4207310,176-99-5851
McGlynn LLC,Support,35-4393230,179-88-2790
"Little, Herzog and Mertz",Legal,45-9164509,181-07-4434
Kertzmann-Reichel,Research and Development,67-0581933,181-28-8337
"Douglas, Funk and Schowalter",Services,77-2512148,181-88-6077
Bayer-Kunze,Support,86-6996270,182-15-5082
"Kiehn, Hansen and Will",Support,94-8005696,182-81-4541
Kling-Howe,Research and Development,71-7470887,183-10-5024
Quitzon-Morissette,Product Management,81-5434446,184-60-6243
Bergstrom-Daniel,Marketing,31-7381298,184-84-1003
"Johnston, Leuschke and Stracke",Support,96-9321837,184-92-3560
Lubowitz-Franecki,Product Management,68-5287750,184-94-5241
Nienow-Metz,Legal,88-5601438,185-50-0434
"Quitzon, Stiedemann and Breitenberg",Services,76-1399493,185-84-9868
Turner-Connelly,Research and Development,92-1687621,186-65-7773
"Kling, Prosacco and Wisoky",Accounting,77-0491080,188-20-9317
"Von, O'Kon and Runolfsdottir",Research and Development,34-6414700,188-40-4336
McLaughlin-Botsford,Business Development,60-2450272,189-26-5696
Mann-Stehr,Sales,82-9383132,189-49-1458
Smitham-Blick,Engineering,07-3918459,190-05-6987
Reilly and Sons,Product Management,00-2155545,190-53-4517
"Keeling, Hansen and Mertz",Training,86-3420084,191-15-3194
Mante Inc,Business Development,39-8018810,192-54-0695
Nicolas Group,Support,75-2636577,192-67-3201
"Sauer, Mann and Kling",Accounting,89-3029716,194-76-5816
"Hodkiewicz, Rau and Ryan",Marketing,29-2776451,195-23-5731
Prosacco LLC,Business Development,53-6059808,196-69-3796
"Mante, Roberts and Miller",Research and Development,98-1318396,198-70-6443
Farrell and Sons,Product Management,85-3648779,199-45-0804
Heathcote-Torp,Product Management,77-2681193,199-54-4639
"Hilpert, Kassulke and Gutkowski",Research and Development,02-6484055,200-81-7151
"Will, Lemke and O'Hara",Marketing,68-7719884,201-53-1249
Schuppe-Dickinson,Services,47-8932065,202-84-1146
Kling-Graham,Marketing,08-4055205,203-35-7648
"MacGyver, Armstrong and Murray",Research and Development,68-8311842,205-69-7375
Goodwin-Oberbrunner,Accounting,07-0291024,205-87-2423
Russel-Terry,Engineering,70-0439540,206-28-6674
"Hickle, Beatty and McCullough",Business Development,95-7755368,206-83-8848
Feeney Group,Product Management,84-8299490,208-74-2166
Volkman-King,Training,29-5040096,208-80-5879
"Senger, Fay and Schuppe",Marketing,05-9734435,209-50-8146
"Lesch, Hartmann and Leffler",Engineering,32-6936796,209-58-4708
"Weber, Reynolds and Brakus",Training,26-0100410,210-91-4729
Renner LLC,Services,29-6760360,211-04-1734
Lind and Sons,Services,93-4909831,211-13-5247
"Sawayn, Marvin and Rempel",Research and Development,74-6068283,211-15-5182
"Feil, Wunsch and Cassin",Human Resources,45-3457627,211-19-6826
Trantow Inc,Services,96-5222028,212-40-0215
Hills-Luettgen,Engineering,49-6662355,212-41-1496
Larson and Sons,Sales,18-3961077,213-28-1395
Sipes LLC,Business Development,13-5040342,214-29-1189
"Aufderhar, Trantow and Goodwin",Marketing,70-8647485,214-96-8581
"Emmerich, Emmerich and Mertz",Business Development,13-9720741,214-99-7584
Quitzon Inc,Human Resources,97-0142691,216-89-3812
"Skiles, Reichel and Romaguera",Engineering,39-8820670,216-97-3104
Nienow-Hegmann,Training,81-6888800,217-71-3922
Gislason-Padberg,Sales,20-8472919,217-81-5416
"Cormier, Weimann and Erdman",Accounting,72-8208288,218-14-4448
"Mraz, Stokes and MacGyver",Legal,40-6893978,218-25-9873
Stokes-Hayes,Marketing,50-1906989,218-31-1615
"Johns, Corkery and Feeney",Services,22-7439070,218-49-7300
"Hirthe, Doyle and Harvey",Training,13-1135326,220-16-0476
"Brekke, Grady and Ruecker",Human Resources,66-2984352,220-38-0208
"Bernier, Ruecker and Carroll",Services,69-0108218,222-39-8571
"Langosh, Blick and Bechtelar",Product Management,55-6679606,223-67-9203
"Luettgen, Marks and Rosenbaum",Human Resources,46-3461516,223-98-0846
Smith-Bergstrom,Sales,11-8895205,224-12-3436
Jacobson-Kuhn,Human Resources,33-5097675,224-30-9267
Ziemann-Lowe,Sales,73-0391148,224-54-6919
"Pollich, Hodkiewicz and Kris",Research and Development,34-4050792,224-84-2271
Deckow Group,Engineering,49-2911011,224-99-0668
"Greenholt, Sawayn and Gusikowski",Business Development,98-0311958,225-08-5789
"Feeney, Champlin and Predovic",Sales,68-8708911,225-64-2735
Blanda LLC,Business Development,92-2526945,226-76-4452
Veum Group,Marketing,31-8987623,227-72-7247
Dare Inc,Business Development,27-3116134,228-16-7922
Batz-Bahringer,Research and Development,74-1907423,228-55-2042
Johns LLC,Sales,20-4360965,228-90-5077
"Kling, Keeling and Cormier",Human Resources,40-8081800,229-44-9909
O'Keefe-Keeling,Training,40-0839938,230-09-1794
Fahey Group,Product Management,82-2230506,230-48-0684
Hodkiewicz-Murray,Marketing,99-0856844,230-99-1485
"Dare, Kuhn and Pfannerstill",Marketing,68-3132488,231-66-9264
Schumm-O'Conner,Legal,02-4952668,232-18-5397
"Donnelly, Abernathy and Blanda",Marketing,38-0287814,233-27-2377
Grant-Aufderhar,Engineering,63-8402825,235-10-3518
Zboncak and Sons,Product Management,85-3010287,236-31-8333
Tremblay LLC,Research and Development,45-6122996,236-37-2567
Kuhlman Group,Accounting,85-3357304,237-48-6737
Schmeler Inc,Research and Development,75-1537754,237-80-7039
Reichel-O'Hara,Research and Development,96-3899752,238-13-8034
"Beatty, Mohr and Wolff",Support,46-6432775,238-39-9999
Conroy LLC,Legal,45-0095737,239-09-9133
Kassulke-Cruickshank,Support,33-8042555,239-37-4122
"Mraz, Veum and Farrell",Product Management,30-6285659,240-08-8805
O'Keefe-Cruickshank,Research and Development,34-1983927,240-32-8915
Donnelly-Reichel,Sales,51-6219405,240-67-6258
Koch Inc,Marketing,55-6904797,242-22-9624
"Ferry, Schaden and Lowe",Product Management,94-9140863,243-37-9496
Carroll and Sons,Marketing,96-0367474,243-44-4611
"Ortiz, King and Kovacek",Engineering,77-5215930,244-34-2210
Kuhic Group,Business Development,08-6244265,244-52-7593
"Altenwerth, Feest and Hammes",Legal,18-5795578,244-79-3004
Howell-Wunsch,Legal,91-7637157,244-81-0671
"Christiansen, Conroy and Hettinger",Research and Development,96-5661085,245-60-5880
Barton-Raynor,Legal,86-4272610,245-77-4110
McClure and Sons,Human Resources,80-1737009,247-08-9326
"Flatley, Braun and Wiegand",Product Management,83-8221727,247-86-5288
Davis Group,Accounting,82-8582303,248-07-9757
Jones Group,Legal,00-8209244,248-23-0150
Pagac and Sons,Training,45-2560161,249-19-5514
Halvorson-Parisian,Support,16-2500138,253-61-8401
"Botsford, Lockman and Schiller",Engineering,85-4893521,254-10-6071
"Armstrong, Halvorson and Lemke",Services,25-0791940,254-92-9669
"Aufderhar, Quigley and Wiza",Research and Development,87-9571848,255-81-0958
Purdy Group,Business Development,85-7663270,256-54-7507
"Bauch, Monahan and Hagenes",Sales,44-9784881,256-57-0666
"Tremblay, Mraz and Hamill",Business Development,98-4265000,257-12-6834
"Macejkovic, Johnson and Hane",Accounting,79-2599258,257-59-8603
"Schimmel, Kling and Lueilwitz",Services,73-1055129,257-77-3669
Kub Inc,Support,34-2321361,258-22-6416
Hauck Inc,Accounting,19-2907576,259-38-5920
"Boyle, Rutherford and Parisian",Legal,36-8081521,261-14-9490
"Carroll, Treutel and Kub",Research and Development,83-9766179,262-09-2144
"Mitchell, Robel and Yost",Research and Development,44-4519112,262-46-7573
"Schultz, West and Cummings",Research and Development,81-8904444,262-55-4066
Jacobson LLC,Research and Development,83-4988535,262-66-7030
Halvorson and Sons,Services,93-0006221,264-39-3910
Kiehn Inc,Training,42-8834969,266-86-9980
"Gottlieb, Gleichner and Kihn",Services,42-1073885,267-75-6383
"Volkman, Zulauf and Hickle",Engineering,37-7828624,269-01-2640
Wilderman-Larkin,Business Development,08-6806443,271-04-0134
Feeney Inc,Sales,94-9045161,271-81-9938
Marks-McKenzie,Engineering,06-2333892,271-93-3051
Zieme-Yundt,Human Resources,63-4840862,272-50-7309
"Heidenreich, Leffler and Zboncak",Marketing,39-2936486,272-81-7979
"Rutherford, Sporer and Schuster",Engineering,45-0663762,273-49-8218
"Schuster, Dach and Huel",Business Development,53-7845226,274-50-3806
Kassulke Group,Human Resources,86-4085293,274-76-9883
Conroy Inc,Engineering,78-8420673,276-05-2973
Pfannerstill-Rowe,Sales,05-0913038,278-55-5842
Dickinson-Watsica,Support,75-9021921,278-64-4853
Gutkowski Group,Accounting,32-8927113,279-12-7167
"Kutch, Koch and Emmerich",Business Development,09-4660484,279-40-5540
Hudson Inc,Product Management,97-8540521,279-49-5682
"Moen, Veum and McLaughlin",Accounting,12-0401993,280-53-7447
Ferry Group,Support,49-1709312,280-98-4410
Cruickshank Inc,Legal,91-3900799,281-23-3458
Ward Inc,Support,11-8557773,282-83-9206
"Abbott, Bahringer and Goyette",Marketing,41-5601892,283-04-6835
"Lind, Runolfsdottir and Bailey",Legal,14-6813788,286-26-4004
Fahey-Klein,Human Resources,71-1209998,287-57-9688
Collier Inc,Research and Development,81-5101189,287-66-2660
Beatty and Sons,Sales,71-9137028,288-54-7233
Jacobs-Christiansen,Engineering,44-6939532,288-87-6462
DuBuque-Krajcik,Legal,99-3967417,289-03-9882
Funk-Tremblay,Training,08-4068275,289-09-8686
Weissnat Group,Legal,04-8151489,290-25-7300
Gutmann-Cruickshank,Engineering,29-8276855,290-82-4968
Howe-Robel,Services,45-6137557,293-54-3694
Spencer and Sons,Marketing,57-0353432,294-27-9936
"Little, Veum and Sauer",Legal,45-7118863,294-53-1911
Heidenreich Group,Accounting,79-1848443,295-63-7693
Collier-Wisozk,Legal,40-3440604,296-32-7910
Ebert-Bahringer,Business Development,88-8295986,296-88-0097
Mayert-Volkman,Research and Development,11-7283397,296-90-4908
Stark-Wolff,Product Management,65-6789812,297-63-1154
Johns-Maggio,Services,40-9534160,298-06-3497
Hilpert Inc,Support,72-8266702,298-69-9168
"Sporer, Haley and Cartwright",Legal,72-8129260,298-70-6018
Brown Inc,Accounting,68-8035288,298-79-7640
Kilback Group,Services,02-5391126,299-03-6911
Streich Group,Product Management,25-9880164,299-38-0483
Kozey Group,Sales,27-3066253,299-77-1060
Lebsack-Gerlach,Human Resources,48-2553583,300-59-3610
McClure-Gerhold,Business Development,01-9218158,300-76-8770
"Ankunding, Larson and Leannon",Legal,00-8103537,300-80-7209
"Muller, Blanda and Quigley",Sales,87-6217832,301-26-4306
White-Fahey,Sales,30-2737861,301-51-0522
"Cartwright, Schowalter and Barton",Marketing,15-5191499,302-64-4858
Stamm-Reichert,Engineering,25-4364794,304-48-4312
Howe Inc,Legal,11-8989188,305-07-1498
"Kuhic, Veum and Swift",Product Management,62-6620097,306-23-2423
Considine-Schaefer,Human Resources,58-8894681,306-86-2930
Hilpert Group,Accounting,08-4226273,308-58-0964
Heidenreich Inc,Product Management,85-1333821,309-04-0364
"Aufderhar, Metz and Bashirian",Business Development,68-2399289,309-38-8085
Mayert-Pagac,Marketing,84-1179190,310-60-2027
Huels Group,Training,41-1636448,311-46-9296
Donnelly-Roberts,Training,60-5025688,312-38-7084
"Rolfson, Dietrich and Hyatt",Business Development,64-8324745,312-59-3476
Dibbert-Koepp,Marketing,32-2009977,312-77-3647
Stamm-Boehm,Business Development,74-1724903,313-02-7822
Torp LLC,Training,19-4509043,313-52-7312
Wiegand-Bernhard,Business Development,57-5620609,315-12-5664
"Predovic, Renner and Hansen",Research and Development,16-1755710,315-26-2241
Hettinger-Halvorson,Research and Development,84-8346426,315-44-9671
Wehner-Parker,Product Management,03-5512362,315-78-5587
"Moen, Turcotte and Stracke",Marketing,75-8473260,317-28-1600
Dickens LLC,Product Management,10-9248587,317-43-2055
"Tremblay, Adams and Schroeder",Human Resources,22-0577935,318-58-5314
Howell-Little,Legal,07-3979239,319-43-0465
Smitham-Herman,Sales,64-1439160,320-90-1419
"Deckow, Hudson and Koch",Research and Development,45-8944543,320-97-9147
"Paucek, Sipes and Pagac",Training,52-3969729,323-28-6705
Will Inc,Product Management,70-0007392,323-33-8689
"Kovacek, Effertz and Rodriguez",Accounting,54-3498156,324-39-5230
Bergnaum and Sons,Engineering,23-4135932,324-73-8895
Rosenbaum-Bogisich,Human Resources,61-8722569,324-75-6098
"Heathcote, Gerhold and Kuhlman",Services,60-7003804,326-64-9957
Boyle-Gleichner,Legal,45-9409049,327-52-0546
"Lowe, Tromp and Orn",Product Management,95-5467981,327-88-7554
Schimmel and Sons,Sales,75-6111866,330-99-3055
Hoppe-Dickens,Sales,72-4063548,332-83-6591
Nienow Inc,Product Management,77-3574938,333-52-5097
Beahan-Little,Sales,70-1386102,333-95-5025
Berge-Schimmel,Business Development,27-7571787,335-35-1520
Thiel Group,Support,27-6837894,336-48-2579
Kessler-Simonis,Research and Development,15-6371973,339-27-8046
"Homenick, Mitchell and Mills",Engineering,44-2643547,339-71-2687
"Block, Doyle and Waelchi",Product Management,65-9497375,341-10-6840
"Lind, Auer and Waelchi",Research and Development,59-4510364,342-05-9057
Pouros-Kohler,Legal,76-0199175,342-55-0538
Okuneva and Sons,Sales,97-4377037,342-90-9333
"Parker, Wehner and Oberbrunner",Support,12-0866614,343-20-8407
King Inc,Support,07-0669669,343-81-3179
"Jaskolski, Batz and Rempel",Marketing,82-9497860,345-74-2160
"Bahringer, Pacocha and Ritchie",Engineering,92-7514376,347-09-3254
Prosacco-Herzog,Sales,38-6538811,347-64-8652
Sanford-Rohan,Engineering,89-2980268,348-73-4312
Ledner and Sons,Engineering,88-7250304,348-74-3224
"Labadie, Lockman and Kozey",Support,73-2905417,349-53-8864
"Lynch, Schowalter and Ferry",Support,24-0076267,349-67-7502
Mann Inc,Services,09-1183256,350-20-9593
West and Sons,Product Management,07-7836538,350-80-4646
"Goodwin, Luettgen and Harvey",Human Resources,91-4775280,351-73-2802
Jacobson and Sons,Legal,52-7624074,355-21-9711
Wilderman Inc,Legal,07-2741705,355-52-9767
Kiehn Inc,Product Management,25-6512671,355-96-7706
Mohr-Padberg,Marketing,09-4337320,356-39-9199
"Bergnaum, Funk and Huel",Legal,09-5871313,357-37-6094
Kuhn LLC,Research and Development,12-7386844,358-84-7049
"Kutch, Walker and Christiansen",Support,42-6530979,360-69-6230
"Ledner, Weimann and Bernhard",Accounting,79-6369486,361-06-1530
"Altenwerth, Jacobson and O'Keefe",Training,76-8687759,361-42-7068
D'Amore Inc,Sales,97-1951142,361-49-4597
D'Amore LLC,Services,61-3591939,361-83-5004
Kautzer and Sons,Research and Development,56-0050837,362-09-8563
Mertz Inc,Services,26-6200024,362-12-7902
Veum and Sons,Engineering,78-2982514,364-25-0166
Schuppe-Flatley,Business Development,32-6644811,364-65-2174
Brakus-D'Amore,Human Resources,67-0234629,366-61-0607
Dickinson-Wiegand,Accounting,43-9661529,367-22-8998
"O'Kon, Eichmann and Block",Research and Development,22-6937844,367-62-4426
Stark-White,Support,61-9710930,370-01-6977
Hackett and Sons,Product Management,99-2141062,370-24-5876
"Padberg, Walter and Barton",Product Management,22-1713376,370-72-6509
Adams-Ledner,Services,40-5208891,371-28-5892
Gislason and Sons,Legal,92-4254610,371-44-0582
Gleichner Group,Research and Development,52-7507546,371-62-3727
Stiedemann LLC,Services,30-6730450,371-88-9249
"Fahey, Fahey and Gleason",Product Management,02-8347934,372-44-7487
Tremblay LLC,Accounting,92-3893782,372-62-7057
Brekke-Rippin,Services,01-6025412,373-67-2734
Murazik and Sons,Services,91-2150669,374-47-0262
"Reynolds, Stroman and Pagac",Marketing,81-0595624,378-08-0805
Baumbach Group,Human Resources,93-7798424,378-60-2472
Reynolds-Mosciski,Support,96-7261958,378-66-0449
"Carter, Padberg and Stiedemann",Support,44-7764644,378-79-0193
Franecki-Wisozk,Marketing,40-4637900,378-88-6805
Dach-Torp,Product Management,59-1247068,379-07-8748
McDermott Inc,Research and Development,90-7715733,380-33-9730
"Larkin, Bode and Moen",Services,72-1163753,380-35-3854
Kuphal-Dicki,Product Management,47-0586610,383-18-4058
"Metz, Reynolds and Jerde",Sales,28-0030219,384-30-6793
Erdman-Davis,Sales,18-0647578,384-94-2772
"Monahan, Weber and Reynolds",Sales,59-3207276,385-30-1777
Hamill Group,Business Development,34-8338291,385-34-7828
"Upton, Boehm and Kemmer",Product Management,82-8364397,385-98-0431
"Turcotte, Shields and Hand",Marketing,96-7302690,386-15-7960
"Runolfsson, Grimes and Batz",Human Resources,21-8425795,386-34-4088
"Jakubowski, Padberg and Mohr",Training,46-6921210,386-68-9884
Durgan LLC,Business Development,75-8054834,386-97-3523
Welch-Hamill,Engineering,22-6182445,389-31-0910
"Jacobi, Durgan and Moen",Human Resources,47-4459434,389-51-1424
"Little, Johns and Kuphal",Human Resources,58-5489644,389-84-8254
Bechtelar-McCullough,Sales,01-1786654,390-74-3062
"Friesen, Goyette and Satterfield",Research and Development,16-1384768,391-14-9280
Rath-Hessel,Human Resources,86-8277225,391-47-4578
Ritchie-Cassin,Training,67-2306452,391-73-2830
Klocko-Frami,Sales,35-0739294,393-22-6585
"Bogan, Stamm and Donnelly",Legal,36-2545788,396-51-1559
Miller-Harvey,Human Resources,00-3867844,397-16-5372
Okuneva-Lehner,Sales,46-4308357,397-29-8349
Jones Inc,Sales,48-2299282,397-87-8282
"Klocko, Stiedemann and Collier",Support,93-7234405,399-31-2815
"Mills, Barton and Lakin",Product Management,74-1474493,399-63-8810
Kihn Group,Legal,57-1893655,399-81-6133
Crist Inc,Engineering,09-8581339,400-21-8654
McCullough-Durgan,Research and Development,00-9482594,400-77-6007
"Rau, Frami and Friesen",Product Management,98-2176332,402-61-3479
MacGyver-Kihn,Marketing,70-3011031,402-65-2055
Stanton Inc,Human Resources,65-6066334,402-88-5570
"Kirlin, Welch and Braun",Accounting,81-0591716,403-65-1535
"Thiel, Ankunding and Medhurst",Training,43-7580921,404-57-4023
Keebler Group,Product Management,57-6192942,405-25-1422
"Wilkinson, Lind and Ziemann",Research and Development,47-5274344,406-15-5123
Senger-Breitenberg,Marketing,86-3769423,406-24-4867
Bashirian Group,Legal,67-4961160,406-49-0634
"Kozey, O'Reilly and Nicolas",Accounting,01-4265007,407-30-0910
Langosh Inc,Human Resources,72-9016938,407-80-7367
"McClure, Erdman and Schumm",Product Management,48-1683026,407-99-6159
"O'Conner, Ratke and Cormier",Product Management,67-7795930,408-83-7943
Gibson LLC,Training,75-8998272,408-98-3291
Wilkinson Group,Accounting,24-8239174,409-58-2034
Yost and Sons,Sales,07-7718175,409-90-8946
Murazik LLC,Engineering,76-6254682,410-38-4237
West-Auer,Business Development,30-2738860,410-76-5092
"Schmidt, Torp and Schultz",Training,71-6519002,411-21-4276
"Senger, Schuppe and Mueller",Marketing,27-0379629,411-43-4217
Gleason LLC,Product Management,07-9043060,411-79-4655
O'Connell-Stiedemann,Engineering,04-4499468,412-50-9133
"VonRueden, Zboncak and Erdman",Legal,62-4306075,412-59-0452
"Dooley, Wehner and Mohr",Legal,57-0199872,412-59-8022
"Hilll, Hickle and Koelpin",Services,51-3888263,412-79-8951
"Treutel, Jerde and Bayer",Training,93-8500147,413-14-3928
"Marks, Wilkinson and Kub",Services,87-1098264,413-56-5613
Rempel-O'Connell,Sales,56-9638561,415-42-0898
"Streich, Batz and Carter",Sales,54-0581511,415-74-2251
Metz-Wolf,Business Development,72-8305549,416-37-7763
Hartmann-Torphy,Training,93-7537715,416-38-3607
Ryan-Schulist,Business Development,38-2848171,416-80-6367
Kertzmann Inc,Services,02-0973225,416-87-0469
Heidenreich-Schmitt,Training,91-4798424,418-72-1888
O'Keefe Group,Product Management,70-3957124,418-99-6659
Schroeder LLC,Engineering,65-7085477,420-46-7789
"Osinski, Tillman and Rowe",Business Development,40-5829646,420-52-3813
Wyman and Sons,Support,27-4093007,421-01-2511
Kunde Group,Engineering,80-4320276,421-13-9794
"Orn, Willms and Torp",Support,25-2477756,421-20-3448
"Sanford, Becker and Nienow",Product Management,23-9748703,421-88-7316
"Halvorson, Hammes and Jerde",Training,94-6937073,422-67-4000
Cole-Reinger,Accounting,64-1589266,423-62-1820
Cruickshank-Collins,Support,19-6964711,423-88-4721
Windler-Hudson,Accounting,35-7283373,424-22-9138
Harvey-Schumm,Services,68-7788538,424-91-0692
King Group,Research and Development,89-2869707,424-92-0863
Ondricka LLC,Services,30-6717008,426-09-8331
Sporer Inc,Legal,43-2632272,426-33-4523
Harris-Rau,Marketing,95-7119223,426-52-3410
Hayes LLC,Support,42-1512295,426-61-5374
Franecki-Block,Marketing,98-3531089,427-12-4625
Wiza Group,Sales,68-2794098,427-36-0095
"Casper, Ward and Gleason",Marketing,07-5724630,427-96-6355
Hegmann-Gerlach,Business Development,50-1450543,428-19-2946
"Heller, Conroy and Ankunding",Accounting,80-0769995,428-79-0781
Jones-Wiegand,Accounting,08-0407985,429-43-7811
Rutherford-McCullough,Support,36-0554843,430-27-6236
Paucek Inc,Marketing,32-7478326,430-27-8349
Stracke Group,Research and Development,78-5974454,432-25-8923
"Barrows, Koelpin and Wehner",Research and Development,21-8725671,433-08-7855
Kozey-Prohaska,Training,05-1069904,434-41-2365
"Considine, Parker and Johnson",Product Management,82-9119836,435-34-0115
"Armstrong, Koelpin and Moen",Business Development,47-2658940,438-80-0430
Bartell Inc,Support,66-2492097,438-82-1280
"Schaefer, McDermott and Bradtke",Training,90-8995592,440-60-4889
Thiel-Treutel,Services,29-5174958,441-19-1376
Rempel Group,Engineering,44-0045608,442-15-1994
Windler Group,Accounting,94-7813244,444-01-3823
Bartell-Gerlach,Legal,84-1354848,445-49-0727
"Mohr, Hilll and Bechtelar",Support,28-7153034,445-62-3843
Vandervort-Gutmann,Research and Development,04-8895735,446-16-1946
Fadel Group,Product Management,35-3731698,446-73-1646
Kihn-Cruickshank,Human Resources,12-3089911,447-05-5935
Johns and Sons,Accounting,13-5097028,449-38-7421
Grant and Sons,Engineering,89-8442395,450-04-1023
O'Conner-Breitenberg,Research and Development,20-3523742,450-36-3771
Reynolds-Balistreri,Legal,90-5931946,450-36-4561
"Morissette, Pfeffer and Bayer",Legal,78-9992528,450-45-5021
Frami and Sons,Product Management,29-7672381,450-56-7231
"Rodriguez, Macejkovic and Watsica",Legal,10-0200558,450-96-2075
"Gutmann, Gibson and Hilpert",Research and Development,32-3330955,451-34-5996
"Hilpert, Douglas and Kunde",Human Resources,50-2072742,451-52-8000
Hagenes Group,Sales,42-9807742,452-26-9999
Feil-Kohler,Sales,19-1571650,453-99-0644
"Jast, Larson and Beer",Product Management,91-4250428,454-36-4371
Lesch-Lubowitz,Support,09-1746419,455-67-4513
Berge-Davis,Services,36-5486054,455-74-3521
Pfannerstill Group,Legal,70-4587194,455-83-6194
"Wisozk, Ward and Hodkiewicz",Human Resources,03-4271568,457-55-3869
Collins Inc,Training,29-4800617,457-57-7890
Mueller-Kshlerin,Engineering,29-7833067,457-97-6863
Ortiz and Sons,Marketing,63-5978335,458-97-0499
"Schowalter, Zemlak and Reinger",Engineering,31-0951657,459-29-7955
Ebert-Davis,Human Resources,75-7860653,460-65-0321
McGlynn Inc,Legal,40-4530675,461-84-2780
Aufderhar Inc,Services,73-6733606,461-88-8139
Beer Inc,Engineering,54-3652698,464-21-1055
Casper Inc,Services,11-9251197,464-84-7886
Kub LLC,Business Development,45-2091683,465-96-0362
Auer-Kiehn,Accounting,08-3656779,468-88-6064
"Marvin, Christiansen and Roberts",Legal,94-2874769,469-08-0077
Reichert-Hagenes,Human Resources,84-4676473,469-96-1488
Glover Group,Business Development,82-1905325,470-34-5693
"Little, Olson and Towne",Sales,34-7928148,470-94-7669
"McClure, McCullough and Raynor",Research and Development,59-7638002,471-28-1745
"Kirlin, MacGyver and Roberts",Sales,70-0955510,472-23-0389
"Leuschke, Sawayn and Hayes",Business Development,91-5207907,473-65-7769
"Ebert, McClure and Heidenreich",Legal,59-8005391,474-56-7332
Schneider-Bins,Human Resources,57-2599249,474-95-1775
"Wiegand, Kling and Morissette",Services,62-0346347,475-15-5394
"Pollich, Feil and Collins",Human Resources,14-7267200,475-24-1840
"Walsh, Pfeffer and Schoen",Research and Development,18-8550581,475-47-5055
Jast-Gibson,Business Development,20-0508733,476-27-0948
Mante LLC,Accounting,97-1193479,476-68-8276
"Goldner, Wunsch and Batz",Accounting,18-2982615,477-30-0077
Fahey-McKenzie,Human Resources,48-0357798,478-14-8720
Mueller and Sons,Accounting,05-6804255,479-49-8804
"Morissette, Hodkiewicz and Cruickshank",Research and Development,96-0328224,480-53-4039
"Pagac, Huel and Larson",Research and Development,18-6803295,481-10-0098
"Cole, Deckow and Schiller",Engineering,06-4130016,481-87-3503
Reinger and Sons,Services,66-5967372,482-88-7624
Johnson-Howe,Training,63-8757762,484-06-9645
Sawayn-Weissnat,Research and Development,24-6330473,484-36-9255
Collins-Schulist,Marketing,90-3382110,484-75-5799
Schamberger-Hirthe,Services,48-7268338,485-39-0911
Fadel-Gleichner,Legal,96-4640239,485-79-8123
Treutel-Lubowitz,Services,33-5310332,486-87-1145
"Schmeler, Bayer and Baumbach",Services,88-6411669,488-02-2147
Turcotte Inc,Product Management,21-0489175,488-12-7780
Howe-Stroman,Engineering,15-1025261,489-57-4785
Morar-Wisozk,Product Management,39-0346183,491-36-8648
"Wisoky, Ziemann and West",Training,19-9467528,491-38-3802
Lang LLC,Training,88-1654825,491-89-4895
Miller and Sons,Engineering,49-2130459,491-90-1059
"Zemlak, Heathcote and Turner",Training,86-5333401,493-09-7972
Beer-Homenick,Accounting,10-5534710,495-15-7369
Gerlach LLC,Services,11-5891434,495-62-6374
Heller-Connelly,Sales,59-3433099,495-64-2134
"Boyer, Gorczany and Langosh",Research and Development,87-9179375,495-89-7170
Grant Group,Business Development,05-4747935,497-69-5399
"Bartell, Friesen and Lakin",Sales,80-7946674,497-73-2347
Beer-Nitzsche,Product Management,90-8245850,499-07-4759
Hickle and Sons,Research and Development,25-5073339,499-31-5371
Schamberger Inc,Engineering,54-0211778,499-42-7583
Bernier Inc,Product Management,63-2531739,499-44-2439
Heathcote Group,Engineering,68-0338752,499-99-6990
Reynolds Group,Product Management,46-8589624,500-14-7051
DuBuque Group,Legal,07-3041032,500-41-0658
Bednar-Stanton,Human Resources,61-8045719,500-45-7881
"Kunde, Schroeder and Rippin",Sales,53-2515201,500-71-6995
Dooley LLC,Support,52-6171139,502-07-7030
Klein-Kemmer,Engineering,12-9952383,502-60-9632
"Blanda, Yundt and Swaniawski",Support,84-0216207,504-41-5919
Sanford and Sons,Business Development,59-4571753,505-37-1520
Halvorson-Hansen,Human Resources,67-2670417,505-88-6030
"Boyer, Hermann and Bayer",Legal,45-2093562,506-02-3957
Spinka LLC,Training,93-5811559,507-40-9429
Hintz Inc,Engineering,90-2546569,507-67-9726
Treutel and Sons,Marketing,06-9224510,507-99-2334
Wunsch-Ruecker,Accounting,30-8759158,508-54-3168
Cartwright-Emmerich,Marketing,33-1047074,509-39-1128
"Lemke, Schinner and Schaefer",Training,08-6600485,509-46-4927
O'Conner-Smith,Support,06-3287177,510-34-4633
Anderson-Marks,Accounting,03-5704062,511-28-0914
Ebert-Carter,Sales,03-0999485,511-95-4867
"MacGyver, Reilly and Kreiger",Research and Development,87-2245870,513-68-2140
Batz-Effertz,Marketing,47-6735310,515-47-1848
Feeney Group,Sales,41-3035896,517-05-0600
Osinski-Willms,Research and Development,92-9925821,519-15-9299
"Beier, Stroman and Davis",Engineering,37-4950737,519-58-0341
Breitenberg-Wiza,Accounting,55-6401615,520-81-0974
Hartmann Inc,Support,92-0051110,521-82-5436
Boyle LLC,Engineering,98-6205708,522-54-3565
Heller Group,Human Resources,58-8430473,523-07-2359
Bartoletti-Cole,Training,89-1531099,523-44-3601
Bechtelar-Cartwright,Legal,59-7811224,523-53-2420
Fisher Inc,Marketing,75-7751638,523-85-4846
"Spinka, Lueilwitz and D'Amore",Research and Development,76-0505788,523-91-3280
Hammes-Mueller,Research and Development,46-8358553,524-28-4450
"Kuhic, Grady and Gislason",Engineering,11-5034156,526-45-2767
Mitchell-Kovacek,Product Management,98-3030999,526-98-9361
Balistreri Inc,Human Resources,62-5455166,527-55-3736
"Fritsch, Hammes and Treutel",Legal,23-7507091,527-72-3566
"Gerlach, Haag and Marvin",Research and Development,78-7465299,528-10-7051
Lubowitz-Denesik,Product Management,39-5211495,528-26-2803
Fisher Inc,Research and Development,75-0604341,531-38-1945
"Bartoletti, Rice and Conn",Support,60-5481083,531-53-5021
Hartmann-Douglas,Engineering,59-3260666,531-67-4340
"Kuhn, Beahan and Yost",Legal,65-8117050,531-79-0948
"Brekke, Graham and Hilll",Product Management,98-8943921,532-36-4145
"Mills, Schmidt and Orn",Training,99-4129786,534-50-6091
"Kihn, McClure and Windler",Accounting,15-4335836,534-68-0554
"Fay, Mayert and Howe",Services,10-4744999,534-86-8290
Bogisich-Turcotte,Support,35-1341288,535-66-3671
Lang-Kris,Accounting,22-8560347,536-23-6599
Collier-Lakin,Services,77-7092355,537-46-3891
Miller Inc,Training,25-0536089,538-46-6131
Williamson-King,Services,69-2518819,538-68-5142
"O'Kon, Ortiz and Cassin",Engineering,00-8992736,541-54-1497
Lubowitz LLC,Human Resources,77-4056991,542-74-6343
Erdman-Kulas,Marketing,39-3672759,543-38-7657
"Towne, Skiles and Hintz",Training,71-7133399,543-61-1911
"Wisoky, Fritsch and Turcotte",Legal,82-2479792,543-67-6841
Kuhn and Sons,Training,68-3122262,545-66-8802
"Jacobson, Blick and Balistreri",Services,70-8467527,547-35-4478
"Fahey, Moore and Rogahn",Accounting,51-6032504,548-72-2840
"Gorczany, Green and VonRueden",Sales,82-8312036,549-90-2887
Skiles-Botsford,Research and Development,90-9959175,551-57-4018
Wilderman-Champlin,Research and Development,56-2381195,551-92-2534
Eichmann Inc,Services,24-2241367,552-61-0289
Heller-Mueller,Legal,26-3330397,553-77-2419
Roob Group,Business Development,69-7765213,555-99-5216
Gutmann-Rau,Accounting,83-2806591,556-13-4040
"Stark, Cummings and Bauch",Services,77-4985187,557-28-9953
Gibson-Harvey,Support,64-2696828,557-33-7476
Beatty-Stoltenberg,Training,80-3893845,557-77-8703
Sipes Group,Product Management,22-8032150,558-37-7838
Moore-Grady,Sales,61-0281247,559-33-6365
Upton and Sons,Business Development,99-8821201,559-54-7102
Breitenberg-Durgan,Human Resources,74-3440904,560-06-2687
Mohr and Sons,Marketing,12-5612981,561-96-2313
"Gleason, Keeling and O'Reilly",Business Development,38-6846319,561-98-2281
Jakubowski and Sons,Legal,13-2448573,562-62-6370
"Nienow, Bins and Mraz",Product Management,16-1200679,563-21-6857
"Ernser, Schmidt and Borer",Human Resources,58-3232657,563-27-3427
Conroy and Sons,Sales,66-1939780,564-89-9688
"Mueller, Schuppe and Rempel",Sales,76-9375903,566-56-7324
"Rau, Jakubowski and Crona",Accounting,04-6247743,566-62-0141
Brown-Greenfelder,Services,30-4548148,567-02-8700
"Satterfield, Ankunding and Robel",Product Management,37-8628284,567-82-8701
Gorczany Group,Training,99-8156485,569-26-2487
Marquardt and Sons,Legal,97-0006438,569-52-7923
Stroman Group,Product Management,90-1208918,570-01-5640
Sipes-Smith,Accounting,84-1274393,570-86-3275
"Bergnaum, Thiel and Kihn",Training,45-9507418,571-12-4962
Howell-Crona,Research and Development,59-9884067,572-82-5200
Marks-Jenkins,Marketing,76-3583426,573-94-0348
Boehm-Schaefer,Human Resources,60-3540943,573-97-4729
Hoppe Inc,Services,34-4940732,574-60-0475
"Casper, Leannon and Davis",Services,30-8794616,574-91-3682
McDermott-Hettinger,Marketing,89-5009277,576-18-1075
"Tremblay, Pagac and Funk",Product Management,70-7681238,576-41-7443
Keeling-Gleason,Human Resources,66-3328204,578-02-0932
Powlowski-Farrell,Accounting,59-2971514,578-58-6435
"Walsh, Jast and Hessel",Engineering,81-1485490,579-87-4014
Hane and Sons,Business Development,32-6373999,581-15-8015
Little and Sons,Engineering,72-2113419,581-95-7591
Connelly-Nolan,Training,56-4133362,582-71-1805
Romaguera-Gibson,Sales,72-7686176,583-61-3519
Wisoky-Trantow,Human Resources,40-3551397,583-76-7497
Will-Auer,Support,41-7214465,585-03-2819
Vandervort-Hammes,Training,98-3382014,585-96-1853
Hodkiewicz and Sons,Training,15-1367840,586-85-4199
Kuphal-Bartell,Accounting,68-6722212,587-94-0609
Romaguera Inc,Marketing,29-5064089,588-48-7326
Schmidt and Sons,Training,07-2545492,589-15-0686
Graham Group,Accounting,10-3700930,591-02-4614
"Cassin, Batz and Altenwerth",Services,52-9445859,591-09-5002
Braun Inc,Engineering,74-7470747,591-34-2920
"Torphy, Doyle and Padberg",Sales,70-3159834,592-23-4343
Ritchie LLC,Sales,40-1830316,594-37-6620
"Haag, Ullrich and Howe",Training,83-7700336,594-80-1212
Stehr Inc,Human Resources,61-2533957,595-51-3047
"Hegmann, Treutel and Hudson",Business Development,43-8081335,595-67-1091
Kozey LLC,Marketing,81-3779691,597-45-6867
"Ritchie, Murphy and Bahringer",Research and Development,21-1766662,597-53-1918
"Farrell, Schumm and Ullrich",Support,81-5994216,597-63-4107
Witting-Skiles,Product Management,93-8471220,598-39-5585
Koss-Windler,Human Resources,06-5801036,599-56-9050
"Rau, Hegmann and Yundt",Product Management,30-8311767,599-69-3085
"Bartell, Brakus and Considine",Marketing,76-3802991,599-69-5584
Christiansen-Koch,Support,73-9719343,600-52-7214
Kohler Inc,Product Management,91-7839303,601-01-2163
Gutmann Inc,Human Resources,18-8784722,601-04-5606
Stiedemann LLC,Marketing,09-6765955,601-06-5384
Hansen-Bayer,Training,06-5805930,603-31-3174
"Romaguera, Torp and Bode",Human Resources,07-7590960,603-34-9733
Mosciski-Robel,Training,72-0006947,603-76-5257
Hoppe-Gerhold,Product Management,59-2791586,604-19-5709
Jacobi LLC,Legal,71-7191464,605-15-8306
"Rice, Lakin and Bernier",Human Resources,87-0668803,605-26-7064
Simonis Inc,Product Management,63-7559096,605-55-6033
Reichel-Will,Sales,03-5313601,608-13-9301
Nikolaus-Lakin,Training,78-9744181,612-27-1398
"Parker, Ritchie and Emard",Marketing,79-8311854,612-30-5754
Kub Inc,Marketing,91-5760580,615-38-6466
Schuppe-Lynch,Training,55-0503985,617-38-3504
"Herman, Walter and Schoen",Marketing,40-8324882,617-71-4058
"Gaylord, Leannon and Spinka",Business Development,56-7604343,618-35-5798
Hamill and Sons,Sales,49-8651282,620-81-4914
Von LLC,Services,34-5851307,623-98-4252
Jones-Homenick,Marketing,69-0794810,624-99-0933
"Witting, Hartmann and Leffler",Engineering,77-9709375,625-84-8454
Kulas-Vandervort,Human Resources,77-6897439,627-36-1126
Ryan-O'Conner,Business Development,82-9396689,627-91-0537
Hudson Inc,Services,66-7631304,629-10-9201
Waters Group,Training,16-3965633,629-13-0131
"Gerlach, Lowe and Moen",Sales,55-1013656,629-54-4455
Schumm-Cormier,Marketing,17-9714426,629-91-9506
McGlynn-Huel,Engineering,42-9052595,630-21-7841
Ratke Group,Training,24-0238488,631-44-9168
"Schmitt, Wintheiser and Turner",Training,46-9024292,631-72-9770
Murazik-Dickens,Product Management,62-2635707,633-96-5921
Schowalter and Sons,Human Resources,59-9431329,634-42-8798
Nicolas-Sipes,Research and Development,63-5364094,634-90-4851
Trantow-Koepp,Research and Development,25-5237850,635-99-3249
"Prosacco, Carter and Collier",Training,38-0324761,637-74-3365
Mayert and Sons,Research and Development,77-1523110,639-08-7138
"Wolf, Hermann and Frami",Training,88-4502070,640-86-4661
"Rogahn, Hickle and Leuschke",Sales,75-0981332,641-11-8353
Miller Inc,Human Resources,48-9699715,643-10-4736
Stracke LLC,Business Development,10-2258220,644-68-2955
"Parisian, Kutch and Boyle",Services,65-6774148,644-70-8292
Trantow and Sons,Human Resources,48-3960573,645-33-6872
"Ankunding, Hintz and Kling",Legal,71-7182616,646-69-6845
"Wolf, Murray and Koepp",Product Management,48-8015766,647-24-7807
"Conroy, Strosin and Champlin",Product Management,55-8329618,647-82-5575
Treutel LLC,Human Resources,15-1820701,648-50-5566
Gorczany-Friesen,Sales,74-1585533,648-92-3395
Windler Inc,Sales,53-6449997,650-63-9841
Becker Inc,Product Management,91-8337873,650-73-2431
"Jacobs, Simonis and Quigley",Business Development,39-8536966,650-89-8244
"Stoltenberg, Ruecker and Simonis",Accounting,89-3666606,651-83-5203
Brakus and Sons,Marketing,77-8475594,652-46-3664
"Walker, Simonis and Fahey",Human Resources,41-5772335,652-96-9901
"Pfannerstill, Hodkiewicz and Connelly",Accounting,44-0575981,653-23-1607
"Gerlach, Leffler and Bartoletti",Accounting,52-5955794,653-49-0510
Howe-Nitzsche,Engineering,74-9663378,654-61-1601
Nikolaus-Gorczany,Engineering,67-3043440,654-68-3903
"Weimann, Howell and Mills",Research and Development,84-1375663,654-75-3300
Nitzsche Group,Support,50-8669060,655-98-7788
Hills Group,Support,57-5743322,656-92-1337
Bauch Group,Legal,14-7760557,658-21-3014
"Wolf, Gerhold and Dickens",Marketing,15-6603582,658-34-0029
Gleichner Group,Marketing,82-8849267,658-97-8544
Quitzon Group,Sales,52-4061438,659-43-4520
Grimes-Emard,Marketing,76-1285894,667-57-3442
Abshire-Hahn,Marketing,94-0531814,667-87-7090
Stark-Runte,Support,62-6777890,669-12-9323
Stamm-Kassulke,Services,41-0303264,669-83-8959
"Bahringer, Jacobs and Schimmel",Marketing,93-0656725,670-56-7817
Ernser-Crooks,Sales,21-4570883,670-66-6403
"Hoeger, Gleason and Steuber",Services,25-5267392,670-67-9679
"Mann, Trantow and Gusikowski",Marketing,25-8521955,670-89-3434
Rath Inc,Sales,26-2704393,671-16-1411
Wuckert Inc,Accounting,64-6834709,671-71-9470
Ruecker Inc,Accounting,73-9942988,671-76-8792
"Adams, Deckow and Sauer",Services,99-6082191,672-60-8782
McKenzie and Sons,Product Management,64-5521094,673-83-5713
"Reilly, Bechtelar and Romaguera",Engineering,19-6373047,674-64-0219
"Fay, Becker and Purdy",Training,00-6483056,675-31-0953
Leannon-Hessel,Support,29-9916912,675-41-4272
Kling Group,Accounting,01-6053786,678-60-4630
Larson Group,Engineering,04-0225495,679-22-5301
"Satterfield, Wolf and Thiel",Research and Development,63-4901321,680-11-2707
"Wolff, Metz and Gorczany",Accounting,11-6978970,681-72-2644
"Wisozk, Bergnaum and Fahey",Accounting,08-3337151,682-06-8032
"Towne, Spinka and Ankunding",Support,19-6640802,682-68-1965
Jaskolski-Cremin,Services,12-9736485,682-73-2035
Purdy LLC,Services,22-4002090,684-49-8302
Ankunding and Sons,Engineering,50-0020034,684-95-5429
Zieme LLC,Product Management,65-6531918,686-22-5917
Klocko LLC,Human Resources,30-6205049,687-27-5241
Pollich-Wiegand,Human Resources,84-0699398,687-98-6782
"Volkman, Weber and Hilll",Engineering,37-7570212,689-25-7868
"Schinner, Carter and Marks",Product Management,12-7706984,690-61-7133
Smith-Boehm,Training,58-0730098,692-31-0697
Steuber Group,Engineering,20-6456141,692-38-3792
"Gleason, Thompson and Adams",Legal,96-7179738,694-86-1783
Leuschke-Ferry,Support,34-2143290,695-51-8778
Hoppe Inc,Sales,14-6526397,696-10-4037
Schmeler and Sons,Engineering,05-5600372,696-45-6436
Cremin-Pollich,Product Management,97-9912317,698-76-6576
"Labadie, Wiza and Kuhic",Marketing,97-1013671,698-94-3612
Heller-Price,Engineering,46-1230529,699-17-4497
"Halvorson, Braun and Kautzer",Legal,91-5903365,700-49-1211
Orn-Ritchie,Legal,93-8453365,700-73-0102
Jones Inc,Engineering,03-8745406,701-06-8590
Ledner-Hane,Sales,32-2514606,701-53-6262
"DuBuque, Lebsack and Rutherford",Research and Development,91-1049918,702-02-6635
"Wunsch, Johnson and Kiehn",Marketing,47-6501802,702-67-5109
Veum-Wiza,Services,42-5019299,704-72-4439
O'Connell-Lehner,Legal,98-3357063,705-15-6989
Wiegand Inc,Product Management,22-1486929,705-98-0229
Swaniawski-Goodwin,Training,37-6864505,709-73-6600
"Heidenreich, Moore and Hickle",Research and Development,95-8050693,714-55-2111
"Hoeger, Kessler and Feeney",Legal,12-0015419,715-89-3174
Wintheiser-Nader,Engineering,86-1251169,717-91-7919
"Zieme, Beatty and Hintz",Engineering,26-1194300,718-89-7490
"Carroll, Skiles and McDermott",Engineering,59-4324075,718-91-6110
Wintheiser-Dach,Research and Development,23-7767142,719-05-6621
Koepp LLC,Human Resources,34-6229266,719-96-8751
Carter-Parker,Support,40-5571895,720-63-4381
Leannon LLC,Accounting,45-6876936,722-30-1903
Kub Group,Legal,93-9415580,722-64-9283
"Dietrich, Pagac and Lebsack",Engineering,70-1416714,723-36-6692
Keebler Inc,Sales,03-2791013,724-90-0728
Berge-Wiza,Product Management,67-5791221,725-23-0793
Dickens Group,Training,35-2878417,727-48-6769
"Green, Lakin and Breitenberg",Accounting,81-2582346,727-82-4383
Hahn and Sons,Services,14-2928154,728-54-5322
"Kris, O'Kon and Legros",Support,29-6891285,729-95-1691
Becker-Bogisich,Research and Development,02-3341550,731-22-8474
Ebert-O'Hara,Sales,10-0990580,733-29-1354
Hills-Pagac,Legal,61-8685762,733-78-5243
Gleichner Inc,Business Development,19-0051837,735-42-4024
Grady and Sons,Engineering,65-1059165,736-60-2127
Bauch Inc,Business Development,84-0420516,737-89-8983
Nolan-Jacobs,Sales,33-0137869,738-38-4091
"Boehm, Stamm and Skiles",Training,89-2845429,738-65-3635
Feeney-Heller,Marketing,93-2814874,740-64-7874
Kohler-Balistreri,Business Development,38-8541450,741-53-2153
Koepp-Kutch,Sales,82-3219784,741-56-7694
Schultz-Fay,Product Management,95-1246792,741-90-1249
Hand Group,Business Development,69-3955011,743-75-2371
Kris-Farrell,Legal,93-9132078,743-87-2936
Barrows-Schroeder,Engineering,50-3503684,744-87-2990
Heaney LLC,Business Development,74-2893508,745-19-1777
Cruickshank Group,Sales,12-6803384,746-55-1405
Franecki and Sons,Business Development,56-1176228,747-12-8456
Miller-Kuhic,Sales,75-1235886,749-85-8879
"Rempel, Wisoky and Nikolaus",Marketing,25-2833199,753-94-0630
"Lowe, Johnston and Zemlak",Legal,34-6530835,753-98-5796
Auer Group,Human Resources,96-4407720,754-28-9729
Deckow LLC,Product Management,30-6030632,754-49-4659
"Padberg, Lowe and Beer",Accounting,44-7633504,755-08-4000
Simonis-Donnelly,Product Management,66-6961911,756-40-2283
"Walker, Hayes and Jenkins",Support,71-4104023,758-20-5576
Moore and Sons,Accounting,34-6680531,761-01-2227
Schulist LLC,Legal,56-6979103,761-64-5650
"Sipes, Kovacek and McDermott",Legal,76-4780191,762-43-8029
Sporer Group,Training,47-0369978,763-09-1587
"Olson, McClure and Schiller",Marketing,38-2550412,764-93-2248
Carroll-Tillman,Services,91-7097850,765-35-8117
"Fay, Streich and Prohaska",Training,29-9795573,765-45-5973
Hahn-Conn,Business Development,89-4056804,765-87-9144
Little-Dooley,Training,28-2944796,767-05-4859
Dickinson and Sons,Business Development,72-6928251,767-55-6767
Waelchi Inc,Support,23-9048118,768-54-5764
Maggio-Cassin,Product Management,33-8665953,768-74-8540
Greenholt Inc,Business Development,97-5181434,770-61-8252
"Hudson, Pacocha and Torp",Marketing,79-1858295,771-20-6900
Crooks LLC,Human Resources,71-1703061,771-71-0505
Bednar-Senger,Legal,43-1692930,773-21-9639
"Boyer, Mueller and Boyer",Engineering,19-9999045,773-53-7438
Hickle-Herman,Accounting,91-5888473,773-82-1734
"Wisozk, Daniel and Becker",Research and Development,04-6398608,774-08-5376
Gottlieb Inc,Research and Development,99-9505516,775-09-9949
Hartmann-Schaden,Accounting,38-2823318,777-05-1491
"Will, Crist and Jakubowski",Marketing,22-4425487,777-68-2978
Mohr-Tromp,Services,22-3680088,777-94-4586
"Anderson, Dickinson and Toy",Marketing,46-8501105,778-74-8262
"Emmerich, Auer and Howe",Accounting,41-1699228,779-59-1449
"Kihn, Veum and Rippin",Product Management,07-1206591,780-69-8282
"Gulgowski, Carroll and Sauer",Training,27-6046833,781-88-2076
Little-Veum,Engineering,70-8373631,782-46-9660
"Murray, Boyle and Bashirian",Sales,83-5303621,782-60-6848
"Funk, Boyer and Littel",Legal,95-2744801,783-22-9258
Fisher-Collier,Marketing,58-3884885,784-88-0730
Mohr-Schinner,Legal,81-4856450,785-14-5978
Cruickshank-Bechtelar,Research and Development,09-8549621,786-56-3561
"Pagac, Howell and Sipes",Human Resources,10-7064521,786-63-6223
Funk Inc,Accounting,60-3943212,787-05-9008
Armstrong-VonRueden,Support,64-5533135,787-09-5697
"Collins, Blick and Rippin",Marketing,09-1706408,787-10-7877
"Hermann, Hintz and Turner",Marketing,90-9925003,788-15-2625
Hayes-Rutherford,Product Management,94-7076951,789-70-1821
Frami-Cruickshank,Sales,56-3838122,790-04-1283
Rempel-Weissnat,Business Development,02-0335898,792-71-8046
Schoen-Reinger,Legal,76-9226609,794-24-3802
Rau-Schmidt,Legal,39-8891615,795-56-6486
"Brakus, Towne and Connelly",Support,98-2184361,795-77-5263
Jerde-Nitzsche,Engineering,76-5567281,797-05-2289
Reinger Group,Marketing,43-9515382,797-25-9814
Walker-Lemke,Research and Development,52-0032929,797-65-2382
"Becker, Ferry and Kulas",Human Resources,83-0034047,797-87-7992
Hartmann Group,Services,92-8673485,798-34-1082
"Jacobi, Reilly and Walsh",Legal,38-4551321,798-65-5644
Schuppe LLC,Training,09-5823092,800-06-9721
Schuppe-King,Product Management,62-4397047,801-08-8313
Lesch LLC,Support,66-9572760,801-92-6460
Glover-Corwin,Marketing,09-4622650,801-99-2773
"Nitzsche, Kilback and Abernathy",Services,79-2655397,804-46-0617
"Kihn, D'Amore and Volkman",Business Development,65-9491878,807-13-5922
King Inc,Marketing,28-4538440,807-24-6202
"Dooley, Bogisich and Eichmann",Support,21-0846325,807-25-6136
Schneider-Effertz,Product Management,53-4269406,807-35-8936
Cormier-Quigley,Sales,45-4824943,807-50-8539
"Mayert, Mueller and Stamm",Sales,23-5127432,807-60-5615
Mosciski-Marquardt,Product Management,37-2182084,808-55-8658
"Cronin, Reilly and Wilderman",Legal,03-8800554,808-80-2542
Howell LLC,Marketing,84-3613670,811-65-2750
"Nienow, Gaylord and Hartmann",Services,41-2452184,812-11-9403
Rolfson and Sons,Engineering,43-8040427,813-42-4142
Schultz LLC,Product Management,58-2106819,813-47-5215
"Dach, Donnelly and Walter",Support,83-9676607,815-83-0300
Hilll Inc,Product Management,13-3299629,816-31-3858
Rice-Upton,Support,29-5433714,816-47-4782
Waelchi-MacGyver,Training,17-3761486,816-90-2049
"Russel, Gottlieb and Satterfield",Support,53-4636208,817-04-1950
Kilback Group,Training,00-0438990,817-25-7437
Rath-Ryan,Marketing,31-1949756,817-80-8930
"Kovacek, Effertz and Kihn",Business Development,49-0909555,818-61-0770
Wunsch-Walsh,Marketing,58-8512115,819-52-5886
Reichel and Sons,Human Resources,15-1566614,819-64-1414
Watsica-Ziemann,Research and Development,87-7414041,820-96-1105
"Crona, Bogan and Beatty",Business Development,00-3394171,822-05-9037
"Halvorson, Hirthe and Quitzon",Marketing,67-8224406,822-30-4861
"Kemmer, Rolfson and Marquardt",Sales,60-7054525,823-27-0762
Sipes-Zulauf,Training,97-1660502,823-75-5753
Marquardt Group,Human Resources,30-1833919,824-89-4169
Leffler-Rodriguez,Accounting,53-2045990,826-97-8029
"Marquardt, Wehner and Heathcote",Legal,00-8910869,827-62-4599
Mayer Inc,Legal,68-6332753,830-23-1573
"Bashirian, Beer and Bailey",Engineering,38-3479804,831-44-3286
Kozey-Jast,Legal,56-3616909,833-01-1428
Johnson Group,Sales,67-3262618,835-54-3785
"Smitham, Rutherford and Jerde",Research and Development,90-5771245,836-40-1837
Moore-Funk,Research and Development,04-9339587,836-99-3309
Bauch LLC,Services,87-6743338,837-76-5619
Hermann and Sons,Training,60-8507863,838-69-1351
Lowe Inc,Research and Development,16-4102117,840-41-7929
Walsh and Sons,Legal,43-4857392,841-64-8517
Langworth-Friesen,Support,38-1404046,842-90-7557
Rohan-Nicolas,Support,75-3856459,844-15-4668
Beer-Kihn,Support,51-5485483,844-50-7305
Lesch LLC,Marketing,65-3499297,846-07-1407
"Boehm, Goldner and Wisozk",Sales,29-9226065,846-09-9851
Rolfson and Sons,Product Management,59-8318028,846-59-9961
"Schmidt, Schaden and Pfeffer",Training,39-7754939,847-34-4817
Dibbert LLC,Support,03-7617020,847-61-7656
Jerde-Batz,Product Management,14-0272415,848-58-3386
Macejkovic and Sons,Support,52-0638791,848-74-2886
"Robel, Luettgen and Moore",Legal,85-7186677,848-76-8808
"Yundt, Wehner and Brown",Legal,55-0777439,849-31-1551
"Blanda, Marks and Metz",Training,81-0398914,849-64-6624
Flatley-Huel,Sales,59-0940865,849-98-2973
"Collier, Botsford and Ruecker",Engineering,18-5849664,851-94-2162
Conn Group,Training,09-7105416,852-15-7707
Moen Inc,Sales,98-1092646,853-11-8953
Barrows Inc,Product Management,06-3741043,853-47-3648
Thiel-Murray,Support,96-2035605,854-68-7635
Blanda-Ferry,Product Management,74-9087432,854-71-2983
Dietrich Inc,Business Development,79-1998214,854-79-5334
"Baumbach, Jenkins and Russel",Product Management,39-4882068,856-18-3980
Lakin and Sons,Accounting,41-4723930,856-27-9112
"Kassulke, Ritchie and Braun",Accounting,06-1382466,856-67-4080
Swaniawski Group,Services,44-2276418,857-37-5902
Stark-Pouros,Training,53-7456817,858-03-7735
Goodwin Inc,Marketing,73-2880950,858-27-9190
Williamson-Lemke,Accounting,80-9563373,860-67-0256
Reinger Inc,Engineering,80-2005731,860-89-2570
Stokes Inc,Training,12-6635955,861-50-6716
"Dicki, Green and White",Services,87-1017676,862-20-0653
"Thiel, Parker and Hilpert",Marketing,20-2324966,864-22-9364
"Heidenreich, Stehr and Huel",Sales,89-1713880,864-91-7489
Bartoletti Inc,Support,77-7239839,866-18-1440
Douglas-Breitenberg,Business Development,63-6285198,866-53-0625
Nitzsche-Walker,Engineering,50-5681388,867-11-6007
"Crist, Leuschke and Grimes",Legal,09-8398802,867-13-6844
Emard Inc,Business Development,49-2589434,867-88-2360
Abshire Inc,Research and Development,55-8987515,868-32-1805
"Thompson, Parker and Moen",Research and Development,46-1484106,870-12-6609
"Morissette, Rowe and Muller",Engineering,73-9912953,870-93-1121
"Lueilwitz, Stokes and Kassulke",Marketing,16-1937114,871-99-3191
"Glover, Jacobs and Heidenreich",Sales,72-1577952,872-18-9267
Cummings-Mertz,Sales,78-2291834,872-49-1288
Wilderman-Grimes,Engineering,39-6055619,873-36-4733
Schultz-Medhurst,Support,56-6050344,875-18-9454
Wunsch-Gleason,Services,28-3015726,875-75-0495
"Witting, Schuster and Barton",Research and Development,54-4161357,878-12-8265
Harber-Legros,Training,59-9280036,880-22-4449
"Daugherty, Gislason and Kreiger",Training,25-5973403,881-19-5974
"O'Connell, Raynor and Veum",Sales,16-0843654,881-88-7308
Schumm Inc,Services,18-8360445,881-95-7180
Zulauf Inc,Accounting,46-7067366,882-49-5290
"Stanton, Price and Wehner",Services,16-5769119,884-61-1852
"Ziemann, Denesik and Casper",Research and Development,71-6097002,887-41-7878
Terry and Sons,Research and Development,06-9390159,887-83-9002
"Herzog, Stehr and Quitzon",Engineering,38-5385705,888-50-7008
"Collier, Hilll and Hagenes",Training,15-6651242,888-53-7684
"Reynolds, Nicolas and Morar",Engineering,48-3998718,888-82-4928
"Heller, Kihn and Bartoletti",Research and Development,56-9393666,890-28-9962
Christiansen LLC,Sales,66-1175841,893-12-0901
Orn Inc,Human Resources,38-4356300,893-17-7318
"Flatley, Senger and Bernier",Services,72-2633200,894-81-0628
"Hilll, Kunze and Beer",Human Resources,90-4168298,895-26-1658
Franecki LLC,Services,63-7802530,895-26-5515
Reilly-Jakubowski,Marketing,77-6363112,897-76-7070
Bins-Gerhold,Sales,89-9965641,898-03-3165
Olson-Johnson,Support,36-7761827,898-86-8860
Cronin LLC,Services,83-8730953,899-09-1766
Little-Hansen,Business Development,45-8154226,899-39-7179
"Christiansen, Ondricka and O'Connell",Marketing,32-7034344,899-39-7378
Bednar LLC,Support,16-6342889,899-47-6116
